timestamp,pos_x,pos_y,pos_z,valid
473540,1.00965,1.00065,0.996341,1
473561,1.00965,1.00065,0.996341,1
473581,1.00965,1.00065,0.996341,1
473601,1.00514,1.00756,1.00463,1
473621,1.00514,1.00756,1.00463,1
473642,0.98204,0.991364,1.00621,1
473662,0.98204,0.991364,1.00621,1
473682,0.98204,0.991364,1.00621,1
473703,0.996399,0.995959,0.999134,1
473723,0.996399,0.995959,0.999134,1
473743,1.00507,0.991718,0.99485,1
473763,1.00507,0.991718,0.99485,1
473784,1.00507,0.991718,0.99485,1
473804,1.00726,0.989946,1.00246,1
473824,1.00726,0.989946,1.00246,1
473845,1.0162,1.00837,1.01337,1
473865,1.0162,1.00837,1.01337,1
473885,1.0162,1.00837,1.01337,1
473906,1.01915,0.984854,0.982622,1
473926,1.01915,0.984854,0.982622,1
473946,1.01471,0.996881,1.00946,1
473967,1.01471,0.996881,1.00946,1
473987,1.01471,0.996881,1.00946,1
474007,0.994338,0.993056,1.00317,1
474028,0.994338,0.993056,1.00317,1
474048,1.00085,0.992751,0.985038,1
474068,1.00085,0.992751,0.985038,1
474089,1.00085,0.992751,0.985038,1
474109,0.989461,0.988646,1.00244,1
474129,0.989461,0.988646,1.00244,1
474150,0.995307,1.0013,1.00355,1
474170,0.995307,1.0013,1.00355,1
474190,0.995307,1.0013,1.00355,1
474211,1.02305,0.995986,1.00997,1
474231,1.02305,0.995986,1.00997,1
474251,0.994859,1.00104,0.99337,1
474271,0.994859,1.00104,0.99337,1
474292,0.994859,1.00104,0.99337,1
474312,0.994052,1.00578,0.97483,1
474333,0.994052,1.00578,0.97483,1
474353,0.98279,0.992489,0.972601,1
474373,0.98279,0.992489,0.972601,1
474394,1.01537,1.00039,0.99995,1
474414,1.01537,1.00039,0.99995,1
474434,1.01537,1.00039,0.99995,1
474455,0.99812,0.994399,0.993438,1
474475,0.99812,0.994399,0.993438,1
474495,0.997631,0.994957,0.994645,1
474516,0.997631,0.994957,0.994645,1
474536,0.997631,0.994957,0.994645,1
474556,0.997365,0.978683,0.980591,1
474576,0.997365,0.978683,0.980591,1
474597,0.985764,1.00156,1.00815,1
474617,0.985764,1.00156,1.00815,1
474637,0.985764,1.00156,1.00815,1
474658,0.986464,0.996708,1.0025,1
474678,0.986464,0.996708,1.0025,1
474698,1.00597,1.00332,0.993395,1
474719,1.00597,1.00332,0.993395,1
474739,1.00597,1.00332,0.993395,1
474759,1.01491,0.99709,0.998245,1
474780,1.01491,0.99709,0.998245,1
474800,1.00827,0.997347,0.994008,1
474820,1.00827,0.997347,0.994008,1
474840,1.00827,0.997347,0.994008,1
474861,0.993691,1.01365,1.00896,1
474881,0.993691,1.01365,1.00896,1
474901,1.01182,1.00695,1.00449,1
474922,1.01182,1.00695,1.00449,1
474942,1.01182,1.00695,1.00449,1
474962,0.985073,0.993761,0.985823,1
474983,0.985073,0.993761,0.985823,1
475003,1.00248,1.00275,0.990846,1
475023,1.00248,1.00275,0.990846,1
475044,1.00248,1.00275,0.990846,1
475064,1.00964,1.0027,1.02295,1
475084,1.00964,1.0027,1.02295,1
475105,1.00704,1.00023,0.992108,1
475125,1.00704,1.00023,0.992108,1
475145,0.993043,0.987356,1.01418,1
475166,0.993043,0.987356,1.01418,1
475186,0.993043,0.987356,1.01418,1
475206,1.01268,1.01027,0.996251,1
475227,1.01268,1.01027,0.996251,1
475247,0.984462,1.00623,0.985429,1
475267,0.984462,1.00623,0.985429,1
475288,0.984462,1.00623,0.985429,1
475308,0.995895,0.99316,1.01653,1
475329,0.995895,0.99316,1.01653,1
475349,1.02321,0.989259,0.991735,1
475369,1.02321,0.989259,0.991735,1
475390,1.02321,0.989259,0.991735,1
475410,0.989567,1.00023,1.0068,1
475430,0.989567,1.00023,1.0068,1
475451,1.00146,0.992673,0.979644,1
475471,1.00146,0.992673,0.979644,1
475492,1.00146,0.992673,0.979644,1
475512,1.00371,0.995327,1.00576,1
475532,1.00371,0.995327,1.00576,1
475553,0.998692,0.989619,0.985416,1
475573,0.998692,0.989619,0.985416,1
475594,0.998692,0.989619,0.985416,1
475614,0.999206,0.987207,0.986127,1
475634,0.999206,0.987207,0.986127,1
475655,0.993155,0.993936,0.999136,1
475675,0.993155,0.993936,0.999136,1
475695,0.993155,0.993936,0.999136,1
475716,0.984925,1.00585,1.00092,1
475736,0.984925,1.00585,1.00092,1
475756,1.00089,1.00019,0.994212,1
475777,1.00089,1.00019,0.994212,1
475797,0.995168,1.01413,1.00718,1
475817,0.97958,1.00692,1.01353,1
475838,0.97958,1.00692,1.01353,1
475858,1.02042,1.00179,0.983085,1
475878,1.02042,1.00179,0.983085,1
475899,1.01548,0.998264,0.997681,1
475919,1.01548,0.998264,0.997681,1
475939,1.01548,0.998264,0.997681,1
475960,0.992625,1.00552,1.00928,1
475980,0.992625,1.00552,1.00928,1
476001,0.995261,1.02085,0.988129,1
476021,0.995261,1.02085,0.988129,1
476041,0.995261,1.02085,0.988129,1
476062,0.974664,1.00959,1.02495,1
476082,0.974664,1.00959,1.02495,1
476102,1.0123,1.00268,1.00432,1
476123,1.0123,1.00268,1.00432,1
476143,1.0123,1.00268,1.00432,1
476164,0.98361,0.989007,1.02314,1
476184,0.98361,0.989007,1.02314,1
476204,1.00829,0.990424,0.992461,1
476225,1.00829,0.990424,0.992461,1
476245,1.00829,0.990424,0.992461,1
476265,1.00926,1.0036,0.992009,1
476286,1.00926,1.0036,0.992009,1
476306,0.976207,0.996595,1.01067,1
476327,0.976207,0.996595,1.01067,1
476347,0.976207,0.996595,1.01067,1
476368,0.995748,0.99469,1.00511,1
476388,0.995748,0.99469,1.00511,1
476408,0.98757,1.02017,1.00849,1
476429,0.98757,1.02017,1.00849,1
476449,0.98757,1.02017,1.00849,1
476470,1.00742,1.00352,1.00406,1
476490,1.00742,1.00352,1.00406,1
476511,0.994711,1.00291,0.990438,1
476531,0.994711,1.00291,0.990438,1
476552,0.993907,0.984661,0.995277,1
476572,0.993907,0.984661,0.995277,1
476592,0.993907,0.984661,0.995277,1
476613,1.00373,0.998817,1.00203,1
476633,1.00373,0.998817,1.00203,1
476654,1.01245,1.01051,1.00701,1
476674,1.01245,1.01051,1.00701,1
476695,1.01245,1.01051,1.00701,1
476715,1.00983,1.00096,1.00423,1
476735,1.00983,1.00096,1.00423,1
476756,0.993767,0.979213,1.01691,1
476776,0.993767,0.979213,1.01691,1
476797,0.993767,0.979213,1.01691,1
476817,0.999176,0.974086,0.998571,1
476838,0.999176,0.974086,0.998571,1
476858,1.00055,1.00277,1.01605,1
476879,1.00055,1.00277,1.01605,1
476899,1.00055,1.00277,1.01605,1
476920,0.995405,0.98358,0.987632,1
476940,0.995405,0.98358,0.987632,1
476960,1.00118,0.99133,1.00901,1
476981,1.00118,0.99133,1.00901,1
477001,1.01573,0.983458,1.01078,1
477022,1.01573,0.983458,1.01078,1
477042,1.01573,0.983458,1.01078,1
477062,0.997019,1.00184,1.02063,1
477083,0.997019,1.00184,1.02063,1
477103,1.01294,1.01633,0.99255,1
477123,1.01294,1.01633,0.99255,1
477144,1.01294,1.01633,0.99255,1
477164,0.99793,1.00274,1.0069,1
477185,0.99793,1.00274,1.0069,1
477205,1.01823,1.00771,0.996633,1
477226,1.01823,1.00771,0.996633,1
477246,1.01823,1.00771,0.996633,1
477267,1.01063,0.997449,1.00919,1
477287,1.01063,0.997449,1.00919,1
477308,0.99388,0.993019,1.00843,1
477328,0.99388,0.993019,1.00843,1
477349,0.99388,0.993019,1.00843,1
477369,1.02559,0.995046,1.00467,1
477390,1.02559,0.995046,1.00467,1
477410,0.993715,0.996038,1.01956,1
477430,0.993715,0.996038,1.01956,1
477451,0.993715,0.996038,1.01956,1
477471,1.00859,1.01998,1.00066,1
477492,1.00859,1.01998,1.00066,1
477512,0.992426,0.995185,0.990739,1
477533,0.992426,0.995185,0.990739,1
477553,0.99244,1.00023,1.01125,1
477574,0.99244,1.00023,1.01125,1
477594,0.99244,1.00023,1.01125,1
477615,1.0008,1.01378,1.00498,1
477635,1.0008,1.01378,1.00498,1
477656,0.992294,1.00946,1.00274,1
477676,0.992294,1.00946,1.00274,1
477696,0.992294,1.00946,1.00274,1
477717,1.027,0.99163,0.990271,1
477737,1.027,0.99163,0.990271,1
477758,1.0062,1.00193,0.992155,1
477778,1.0062,1.00193,0.992155,1
477799,1.0062,1.00193,0.992155,1
477819,0.99786,1.01186,1.00419,1
477839,0.99786,1.01186,1.00419,1
477860,0.968891,1.01204,0.996923,1
477880,0.968891,1.01204,0.996923,1
477901,0.968891,1.01204,0.996923,1
477921,1.01169,1.00439,1.00443,1
477942,1.01169,1.00439,1.00443,1
477962,1.00693,0.992945,0.992562,1
477983,1.00693,0.992945,0.992562,1
478003,1.00693,0.992945,0.992562,1
478024,1.02091,0.983959,0.992619,1
478044,1.02091,0.983959,0.992619,1
478065,0.997597,1.01035,0.994982,1
478085,0.997597,1.01035,0.994982,1
478106,0.999437,0.994299,1.00271,1
478126,0.999437,0.994299,1.00271,1
478147,0.999437,0.994299,1.00271,1
478167,1.00395,1.00309,0.998837,1
478188,1.00395,1.00309,0.998837,1
478208,1.00188,0.987575,1.00438,1
478229,1.00188,0.987575,1.00438,1
478249,1.00188,0.987575,1.00438,1
478269,0.993926,0.995884,1.01087,1
478290,0.993926,0.995884,1.01087,1
478310,0.993749,1.01676,0.999075,1
478331,0.993749,1.01676,0.999075,1
478351,0.993749,1.01676,0.999075,1
478372,0.99695,1.00346,1.0017,1
478392,0.99695,1.00346,1.0017,1
478413,0.994992,1.00431,1.01298,1
478433,0.994992,1.00431,1.01298,1
478454,0.994992,1.00431,1.01298,1
478474,0.992943,1.00335,0.985863,1
478495,0.992943,1.00335,0.985863,1
478515,1.00481,1.01362,0.987862,1
478536,1.00481,1.01362,0.987862,1
478556,0.999789,0.991505,0.996821,1
478577,0.999789,0.991505,0.996821,1
478597,0.999789,0.991505,0.996821,1
478618,0.979111,1.00689,0.994933,1
478638,0.979111,1.00689,0.994933,1
478659,1.00223,1.00402,1.00506,1
478679,1.00223,1.00402,1.00506,1
478700,1.00223,1.00402,1.00506,1
478720,1.00196,0.980447,1.00496,1
478741,1.00196,0.980447,1.00496,1
478761,1.00695,1.00054,1.01076,1
478782,1.00695,1.00054,1.01076,1
478802,1.00695,1.00054,1.01076,1
478823,1.01063,1.01324,0.989735,1
478843,1.01063,1.01324,0.989735,1
478907,1.00934,1.00126,0.991417,1
478957,0,0,0,0
480924,0.998321,1.00668,1.01744,1
480944,0.998321,1.00668,1.01744,1
480964,0.998321,1.00668,1.01744,1
480984,1.00748,1.02617,0.98846,1
481005,1.00748,1.02617,0.98846,1
481025,0.997959,1.01413,1.02558,1
481045,0.997959,1.01413,1.02558,1
481066,0.997959,1.01413,1.02558,1
481086,1.01017,1.00307,0.995167,1
481106,1.01017,1.00307,0.995167,1
481126,0.986209,0.994421,0.989935,1
481147,0.986209,0.994421,0.989935,1
481167,0.986209,0.994421,0.989935,1
481187,0.982349,1.01156,1.006,1
481208,0.982349,1.01156,1.006,1
481228,1.01492,1.00693,1.01498,1
481248,1.01492,1.00693,1.01498,1
481269,1.01492,1.00693,1.01498,1
481289,0.99951,0.99035,0.998142,1
481309,0.99951,0.99035,0.998142,1
481329,0.994917,0.987941,0.993503,1
481350,0.994917,0.987941,0.993503,1
481370,0.994917,0.987941,0.993503,1
481390,0.995877,1.01337,0.982752,1
481411,0.995877,1.01337,0.982752,1
481431,0.993683,0.992567,0.992567,1
481451,0.993683,0.992567,0.992567,1
481472,0.993683,0.992567,0.992567,1
481492,0.999462,0.985424,1.00784,1
481512,0.999462,0.985424,1.00784,1
481533,1.00555,0.977422,0.998523,1
481553,1.00555,0.977422,0.998523,1
481573,1.00555,0.977422,0.998523,1
481594,0.99516,0.997735,0.993585,1
481614,0.99516,0.997735,0.993585,1
481634,0.990767,0.992667,0.993285,1
481655,0.990767,0.992667,0.993285,1
481675,0.990767,0.992667,0.993285,1
481695,1.00945,1.01435,0.993399,1
481716,1.00945,1.01435,0.993399,1
481736,1.00038,1.03258,0.982437,1
481756,1.00038,1.03258,0.982437,1
481777,1.01676,1.00857,0.983522,1
481797,1.01676,1.00857,0.983522,1
481817,1.01676,1.00857,0.983522,1
481838,0.991548,1.02036,0.975558,1
481858,0.991548,1.02036,0.975558,1
481878,1.00162,0.999824,0.992823,1
481899,1.00162,0.999824,0.992823,1
481919,1.00162,0.999824,0.992823,1
481939,1.0038,0.987675,1.00692,1
481960,1.0038,0.987675,1.00692,1
481980,1.00154,1.00329,1.01154,1
482000,1.00154,1.00329,1.01154,1
482020,1.00154,1.00329,1.01154,1
482041,1.007,0.993368,1.00138,1
482061,1.007,0.993368,1.00138,1
482081,0.985022,0.986089,0.989601,1
482102,0.985022,0.986089,0.989601,1
482122,0.985022,0.986089,0.989601,1
482143,1.01211,1.00246,1.00904,1
482163,1.01211,1.00246,1.00904,1
482183,1.00125,0.980369,0.974539,1
482204,1.00125,0.980369,0.974539,1
482224,1.00125,0.980369,0.974539,1
482244,1.00626,1.00112,1.00296,1
482265,1.00626,1.00112,1.00296,1
482285,1.01613,1.00321,1.00632,1
482306,1.01613,1.00321,1.00632,1
482326,1.01613,1.00321,1.00632,1
482346,1.00255,1.00097,0.992643,1
482367,1.00255,1.00097,0.992643,1
482387,0.991907,0.985807,1.01518,1
482407,0.991907,0.985807,1.01518,1
482428,0.991907,0.985807,1.01518,1
482448,0.996175,0.995033,0.999455,1
482468,0.996175,0.995033,0.999455,1
482489,0.998808,1.00601,0.995831,1
482509,0.998808,1.00601,0.995831,1
482529,1.001,1.0015,0.996336,1
482550,1.001,1.0015,0.996336,1
482570,1.001,1.0015,0.996336,1
482590,1.01764,0.995569,1.00817,1
482611,1.01764,0.995569,1.00817,1
482631,1.01095,0.9998,1.00112,1
482651,1.01095,0.9998,1.00112,1
482672,1.01095,0.9998,1.00112,1
482692,1.01039,0.992583,1.00725,1
482712,1.01039,0.992583,1.00725,1
482733,0.99375,1.01139,1.02056,1
482753,0.99375,1.01139,1.02056,1
482773,0.99375,1.01139,1.02056,1
482794,0.992771,1.00539,0.992967,1
482814,0.992771,1.00539,0.992967,1
482835,0.982656,1.01408,0.996613,1
482855,0.982656,1.01408,0.996613,1
482875,0.982656,1.01408,0.996613,1
482896,1.0101,0.998359,0.985922,1
482916,1.0101,0.998359,0.985922,1
482936,1.00717,0.990309,0.994282,1
482957,1.00717,0.990309,0.994282,1
482977,1.00717,0.990309,0.994282,1
482998,0.984036,0.97821,1.00428,1
483018,0.984036,0.97821,1.00428,1
483038,0.983926,1.00939,1.00981,1
483059,0.983926,1.00939,1.00981,1
483079,0.983926,1.00939,1.00981,1
483100,0.998729,0.997078,0.996415,1
483120,0.998729,0.997078,0.996415,1
483140,0.983453,1.00544,0.997009,1
483161,0.983453,1.00544,0.997009,1
483181,1.00031,1.00813,0.98537,1
483202,1.00031,1.00813,0.98537,1
483222,1.00031,1.00813,0.98537,1
483242,1.00727,0.997456,1.00657,1
483263,1.00727,0.997456,1.00657,1
483283,1.00084,0.988336,0.995644,1
483304,1.00084,0.988336,0.995644,1
483324,1.00084,0.988336,0.995644,1
483344,1.00109,1.00142,1.00424,1
483365,1.00109,1.00142,1.00424,1
483385,0.997299,0.992439,1.0117,1
483406,0.997299,0.992439,1.0117,1
483426,0.997299,0.992439,1.0117,1
483447,0.99571,0.990904,0.993987,1
483467,0.99571,0.990904,0.993987,1
483487,0.9962,0.992978,1.00657,1
483508,0.9962,0.992978,1.00657,1
483528,0.9962,0.992978,1.00657,1
483549,0.984955,0.992441,1.01847,1
483569,0.984955,0.992441,1.01847,1
483589,0.996254,0.995163,0.995155,1
483609,0.996254,0.995163,0.995155,1
483630,0.996254,0.995163,0.995155,1
483650,1.01608,0.998199,1.00275,1
483671,1.01608,0.998199,1.00275,1
483691,0.995354,1.00936,1.00878,1
483712,0.995354,1.00936,1.00878,1
483732,0.995354,1.00936,1.00878,1
483752,0.998475,1.00391,1.01235,1
483773,0.998475,1.00391,1.01235,1
483793,0.974318,1.00026,1.00791,1
483814,0.974318,1.00026,1.00791,1
483834,1.01149,1.00752,0.999033,1
483855,1.01149,1.00752,0.999033,1
483875,1.01149,1.00752,0.999033,1
483896,1.01193,0.999223,0.996934,1
483916,1.01193,0.999223,0.996934,1
483936,1.00621,0.997338,0.998991,1
483957,1.00621,0.997338,0.998991,1
483977,1.00621,0.997338,0.998991,1
483998,1.00858,0.997431,0.993819,1
484018,1.00858,0.997431,0.993819,1
484038,1.01027,0.994436,1.0117,1
484059,1.01027,0.994436,1.0117,1
484079,1.01027,0.994436,1.0117,1
484099,1.02463,0.997466,1.00094,1
484120,1.02463,0.997466,1.00094,1
484140,0.986167,0.998196,0.993555,1
484161,0.986167,0.998196,0.993555,1
484181,0.986167,0.998196,0.993555,1
484202,0.998187,1.00704,1.01269,1
484222,0.998187,1.00704,1.01269,1
484243,0.999143,0.996014,1.01458,1
484263,0.999143,0.996014,1.01458,1
484283,0.999143,0.996014,1.01458,1
484304,1.00487,0.989239,1.00014,1
484324,1.00487,0.989239,1.00014,1
484345,0.986871,1.0045,1.00894,1
484365,0.986871,1.0045,1.00894,1
484385,1.00076,1.00596,1.00001,1
484406,1.00076,1.00596,1.00001,1
484426,1.00076,1.00596,1.00001,1
484447,1.00403,0.999709,1.01852,1
484467,1.00403,0.999709,1.01852,1
484488,0.99563,1.00155,0.996749,1
484508,0.99563,1.00155,0.996749,1
484528,0.99563,1.00155,0.996749,1
484549,0.982877,1.00489,0.99359,1
484569,0.982877,1.00489,0.99359,1
484590,1.00561,1.01184,0.974017,1
484610,1.00561,1.01184,0.974017,1
484630,1.00561,1.01184,0.974017,1
484651,1.01303,1.01694,0.990616,1
484671,1.01303,1.01694,0.990616,1
484692,1.00159,0.997445,1.00166,1
484712,1.00159,0.997445,1.00166,1
484732,1.00159,0.997445,1.00166,1
484753,0.970852,0.998661,0.991693,1
484773,0.970852,0.998661,0.991693,1
484794,1.006,0.993417,0.985964,1
484814,1.006,0.993417,0.985964,1
484835,1.006,0.993417,0.985964,1
484855,0.992986,1.00818,1.01178,1
484876,0.992986,1.00818,1.01178,1
484896,0.987541,1.00689,1.00404,1
484916,0.987541,1.00689,1.00404,1
484937,0.993455,0.992168,1.01919,1
484957,0.993455,0.992168,1.01919,1
484978,0.993455,0.992168,1.01919,1
484998,1.00426,0.990567,0.994902,1
485019,1.00426,0.990567,0.994902,1
485039,0.98595,0.980046,1.00524,1
485060,0.98595,0.980046,1.00524,1
485080,0.98595,0.980046,1.00524,1
485101,1.01305,0.987739,0.986972,1
485121,1.01305,0.987739,0.986972,1
485141,1.00057,1.00586,0.992656,1
485162,1.00057,1.00586,0.992656,1
485182,1.00057,1.00586,0.992656,1
485203,1.01368,0.98138,0.992968,1
485223,1.01368,0.98138,0.992968,1
485244,0.996032,1.00165,1.01418,1
485264,0.996032,1.00165,1.01418,1
485285,0.996032,1.00165,1.01418,1
485305,0.998753,0.98885,0.984115,1
485325,0.998753,0.98885,0.984115,1
485346,1.00217,1.00048,0.984447,1
485366,1.00217,1.00048,0.984447,1
485387,0.977214,0.980906,0.995063,1
485407,0.977214,0.980906,0.995063,1
485428,0.977214,0.980906,0.995063,1
485448,0.992739,1.00235,1.00333,1
485469,0.992739,1.00235,1.00333,1
485489,0.996087,0.991914,0.990167,1
485510,0.996087,0.991914,0.990167,1
485530,0.996087,0.991914,0.990167,1
485551,0.996431,1.02033,1.00027,1
485571,0.996431,1.02033,1.00027,1
485592,1.0112,0.99081,1.00191,1
485612,1.0112,0.99081,1.00191,1
485632,1.0112,0.99081,1.00191,1
485652,1.02871,1.00888,0.990864,1
485672,1.02871,1.00888,0.990864,1
485693,1.02253,0.977139,1.0139,1
485713,1.02253,0.977139,1.0139,1
485733,1.02253,0.977139,1.0139,1
485753,1.00022,1.01448,0.997051,1
485773,1.00022,1.01448,0.997051,1
485794,1.00382,1.00364,0.989431,1
485814,1.00382,1.00364,0.989431,1
485834,1.00382,1.00364,0.989431,1
485854,0.99715,0.991736,0.994513,1
485875,0.99715,0.991736,0.994513,1
485895,0.985387,1.0163,1.00192,1
485915,0.985387,1.0163,1.00192,1
485935,0.985387,1.0163,1.00192,1
485955,1.00576,1.00872,0.99586,1
485976,1.00576,1.00872,0.99586,1
485996,1.00862,0.985789,1.00419,1
486017,1.00862,0.985789,1.00419,1
486037,0.990274,1.00654,0.986262,1
486058,0.990274,1.00654,0.986262,1
486078,0.990274,1.00654,0.986262,1
486099,1.00514,0.99931,1.02535,1
486119,1.00514,0.99931,1.02535,1
486139,0.992481,1.01674,1.01931,1
486159,0.992481,1.01674,1.01931,1
486180,0.992481,1.01674,1.01931,1
486200,1.00103,0.986063,1.00399,1
486221,1.00103,0.986063,1.00399,1
486241,0.989211,1.00448,1.00742,1
486262,0.989211,1.00448,1.00742,1
486282,0.989211,1.00448,1.00742,1
486303,0.995926,1.00184,1.0069,1
486323,0.995926,1.00184,1.0069,1
486343,1.02633,1.01335,1.00454,1
486364,1.02633,1.01335,1.00454,1
486384,1.02633,1.01335,1.00454,1
486404,0.996022,1.01446,1.00691,1
486425,0.996022,1.01446,1.00691,1
486445,0.987419,0.996781,0.973936,1
486466,0.987419,0.996781,0.973936,1
486486,0.987419,0.996781,0.973936,1
486507,0.999159,1.00894,0.981756,1
486527,0.999159,1.00894,0.981756,1
486548,0.975275,1.00749,1.00327,1
486568,0.975275,1.00749,1.00327,1
486589,0.990029,1.00959,0.997679,1
486609,0.990029,1.00959,0.997679,1
486630,0.990029,1.00959,0.997679,1
486650,1.00658,1.00521,1.00889,1
486671,1.00658,1.00521,1.00889,1
486691,1.01572,0.991562,1.02481,1
486712,1.01572,0.991562,1.02481,1
486732,1.01572,0.991562,1.02481,1
486753,1.00646,1.00929,0.989956,1
486774,1.00646,1.00929,0.989956,1
486794,0.992231,1.01368,0.978045,1
486815,0.992231,1.01368,0.978045,1
486835,0.992231,1.01368,0.978045,1
486856,1.01022,1.00325,0.98565,1
486876,1.01022,1.00325,0.98565,1
486897,1.00272,0.989504,0.998728,1
486917,1.00272,0.989504,0.998728,1
486938,1.00272,0.989504,0.998728,1
486958,1.00508,0.997153,0.986908,1
486978,1.00508,0.997153,0.986908,1
486998,0.995169,1.01108,0.995462,1
487019,0.995169,1.01108,0.995462,1
487039,0.995169,1.01108,0.995462,1
487059,0.992783,1.00129,1.003,1
487079,0.992783,1.00129,1.003,1
487099,1.00873,0.998428,0.990675,1
487120,1.00873,0.998428,0.990675,1
487140,1.00297,0.997134,1.00094,1
487160,1.00297,0.997134,1.00094,1
487181,1.00297,0.997134,1.00094,1
487201,1.00786,0.991267,0.996932,1
487221,1.00786,0.991267,0.996932,1
487241,0.996963,1.02639,1.00676,1
487261,0.996963,1.02639,1.00676,1
487282,0.996963,1.02639,1.00676,1
487302,1.00564,0.996023,1.00577,1
487322,1.00564,0.996023,1.00577,1
487343,1.01196,1.01983,1.00138,1
487363,1.01196,1.01983,1.00138,1
487383,1.01196,1.01983,1.00138,1
487404,0.993454,1.00304,0.994448,1
487424,0.993454,1.00304,0.994448,1
487444,0.988073,0.992794,1.00063,1
487464,0.988073,0.992794,1.00063,1
487484,0.988073,0.992794,1.00063,1
487504,1.01277,1.00751,1.00003,1
487525,1.01277,1.00751,1.00003,1
487545,0.983985,0.991405,0.986004,1
487565,0.983985,0.991405,0.986004,1
487586,0.983985,0.991405,0.986004,1
487606,1.00501,1.0156,1.02481,1
487626,1.00501,1.0156,1.02481,1
487646,1.00104,0.996819,0.995372,1
487667,1.00104,0.996819,0.995372,1
487687,1.00104,0.996819,0.995372,1
487707,0.985179,0.997252,1.00227,1
487728,0.985179,0.997252,1.00227,1
487748,0.990945,1.01053,1.00399,1
487769,0.990945,1.01053,1.00399,1
487789,0.990945,1.01053,1.00399,1
487810,1.00279,1.00102,0.994682,1
487831,1.00279,1.00102,0.994682,1
487851,1.00186,1.01066,0.99747,1
487871,1.00186,1.01066,0.99747,1
487892,1.02458,0.997401,0.992164,1
487912,1.00067,1.01412,0.997885,1
487933,1.00067,1.01412,0.997885,1
487953,1.00736,0.994738,0.998761,1
487974,1.00736,0.994738,0.998761,1
487995,1.00417,0.99263,1.00994,1
488015,1.00417,0.99263,1.00994,1
488036,1.00417,0.99263,1.00994,1
488056,0.988894,1.015,1.00202,1
488077,0.988894,1.015,1.00202,1
488098,1.00206,1.00734,0.991876,1
488118,1.00206,1.00734,0.991876,1
488139,1.00206,1.00734,0.991876,1
488159,0.997115,1.00667,0.983279,1
488180,0.997115,1.00667,0.983279,1
488201,0.990876,1.00727,1.00209,1
488221,0.990876,1.00727,1.00209,1
488242,0.990876,1.00727,1.00209,1
488262,0.996519,1.0007,0.991608,1
488283,0.996519,1.0007,0.991608,1
488304,0.982052,1.00236,0.996858,1
488324,0.982052,1.00236,0.996858,1
488345,0.99587,0.994453,0.990625,1
488366,0.99587,0.994453,0.990625,1
488386,0.99587,0.994453,0.990625,1
488407,1.00569,0.995075,1.01542,1
488427,1.00569,0.995075,1.01542,1
488448,0.994817,1.00186,1.00583,1
488469,0.994817,1.00186,1.00583,1
488489,0.994817,1.00186,1.00583,1
488510,1.00315,1.00778,0.994854,1
488531,1.00315,1.00778,0.994854,1
488551,0.997811,0.989612,1.0098,1
488572,0.997811,0.989612,1.0098,1
488592,0.997811,0.989612,1.0098,1
488613,0.993587,1.01692,0.998595,1
488633,0.993587,1.01692,0.998595,1
488653,0.98337,1.00408,0.987683,1
488674,0.98337,1.00408,0.987683,1
488695,1.00354,1.00818,1.00364,1
488715,1.00354,1.00818,1.00364,1
488736,1.00354,1.00818,1.00364,1
488757,0.999983,1.01154,0.997277,1
488777,0.999983,1.01154,0.997277,1
488798,0.984041,0.993462,0.995663,1
488818,0.984041,0.993462,0.995663,1
488839,0.984041,0.993462,0.995663,1
488860,0.986782,1.00354,1.00706,1
488880,0.986782,1.00354,1.00706,1
488901,1.00066,0.992939,1.0032,1
488922,1.00066,0.992939,1.0032,1
488942,1.00066,0.992939,1.0032,1
488963,0.992562,0.993892,0.997239,1
488984,0.992562,0.993892,0.997239,1
489004,0.998692,1.00638,1.00504,1
489025,0.998692,1.00638,1.00504,1
489045,0.996437,1.00943,1.01842,1
489066,0.996437,1.00943,1.01842,1
489087,0.996437,1.00943,1.01842,1
489107,1.017,1.0049,1.01145,1
489127,1.017,1.0049,1.01145,1
489148,1.00082,1.00088,0.999398,1
489168,1.00082,1.00088,0.999398,1
489189,1.00082,1.00088,0.999398,1
489210,1.01157,1.00616,0.971931,1
489230,1.01157,1.00616,0.971931,1
489251,0.994992,0.997099,1.00042,1
489271,0.994992,0.997099,1.00042,1
489292,0.994992,0.997099,1.00042,1
489313,1.00391,0.997205,1.01979,1
489333,1.00391,0.997205,1.01979,1
489354,0.988082,0.999169,0.992272,1
489375,0.988082,0.999169,0.992272,1
489395,0.988082,0.999169,0.992272,1
489416,0.975238,1.00655,1.01469,1
489437,0.975238,1.00655,1.01469,1
489457,1.00016,0.996814,1.00031,1
489478,1.00016,0.996814,1.00031,1
489499,1.00354,1.00879,0.978815,1
489519,1.00354,1.00879,0.978815,1
489540,1.00354,1.00879,0.978815,1
489561,1.00359,1.01328,0.999788,1
489581,1.00359,1.01328,0.999788,1
489602,0.996695,1.0021,0.99717,1
489623,0.996695,1.0021,0.99717,1
489643,0.996695,1.0021,0.99717,1
489664,0.999706,0.994252,1.01414,1
489684,0.999706,0.994252,1.01414,1
489705,1.00634,1.00064,0.989763,1
489725,1.00634,1.00064,0.989763,1
489746,1.00634,1.00064,0.989763,1
489767,1.00722,0.992187,0.971254,1
489787,1.00722,0.992187,0.971254,1
489808,1.01789,0.995677,0.993266,1
489829,1.01789,0.995677,0.993266,1
489849,0.99893,0.994199,0.996615,1
489870,0.99893,0.994199,0.996615,1
489891,0.99893,0.994199,0.996615,1
489911,0.99518,0.995094,1.01857,1
489932,0.99518,0.995094,1.01857,1
489953,1.00833,0.987234,1.01719,1
489973,1.00833,0.987234,1.01719,1
489994,1.00833,0.987234,1.01719,1
490015,0.991527,0.988996,1.00975,1
490035,0.991527,0.988996,1.00975,1
490056,0.992065,0.991783,1.00242,1
490077,0.992065,0.991783,1.00242,1
490097,0.992065,0.991783,1.00242,1
490118,0.994397,0.992916,0.99809,1
490138,0.994397,0.992916,0.99809,1
490158,1.00014,1.02388,0.984148,1
490179,1.00014,1.02388,0.984148,1
490200,1.00654,0.995944,0.99903,1
490221,1.00654,0.995944,0.99903,1
490241,1.00654,0.995944,0.99903,1
490262,1.01453,0.997285,0.993911,1
490283,1.01453,0.997285,0.993911,1
490303,0.991271,1.00226,1.0038,1
490324,0.991271,1.00226,1.0038,1
490345,0.991271,1.00226,1.0038,1
490365,1.01303,0.999129,0.994832,1
490386,1.01303,0.999129,0.994832,1
490407,1.00673,1.00752,0.997051,1
490427,1.00673,1.00752,0.997051,1
490448,1.00673,1.00752,0.997051,1
490469,1.01103,1.00925,1.0161,1
490490,1.01103,1.00925,1.0161,1
490510,1.00243,1.01727,0.999508,1
490530,1.00243,1.01727,0.999508,1
490551,1.00614,0.995679,0.99162,1
490571,1.00614,0.995679,0.99162,1
490592,1.00614,0.995679,0.99162,1
490612,1.01061,0.998878,1.00102,1
490633,1.01061,0.998878,1.00102,1
490653,1.01205,1.00051,1.01096,1
490674,1.01205,1.00051,1.01096,1
490695,1.01205,1.00051,1.01096,1
490715,1.00513,1.01088,1.01467,1
490736,1.00513,1.01088,1.01467,1
490757,1.00513,0.996184,0.991601,1
490777,1.00513,0.996184,0.991601,1
490798,1.00513,0.996184,0.991601,1
490819,1.01627,1.01651,0.998201,1
490840,1.01627,1.01651,0.998201,1
490860,1.00099,0.979429,0.994618,1
490881,1.00099,0.979429,0.994618,1
490902,0.971628,0.998441,1.00819,1
490922,0.971628,0.998441,1.00819,1
490943,0.971628,0.998441,1.00819,1
490964,1.00846,1.0035,0.996055,1
490985,1.00846,1.0035,0.996055,1
491005,0.997709,1.00377,1.00083,1
491026,0.997709,1.00377,1.00083,1
491047,0.997709,1.00377,1.00083,1
491067,1.01058,1.00547,0.996758,1
491088,1.01058,1.00547,0.996758,1
491109,1.00042,0.994774,0.993734,1
491129,1.00042,0.994774,0.993734,1
491150,1.00042,0.994774,0.993734,1
491170,1.01451,1.01122,1.0014,1
491191,1.01451,1.01122,1.0014,1
491211,1.01164,0.989928,0.994752,1
491232,1.01164,0.989928,0.994752,1
491253,0.996655,1.01057,0.980183,1
491273,0.996655,1.01057,0.980183,1
491294,0.996655,1.01057,0.980183,1
491315,1.00956,1.01079,0.984355,1
491336,1.00956,1.01079,0.984355,1
491356,0.985424,1.0083,0.989658,1
491377,0.985424,1.0083,0.989658,1
491398,0.985424,1.0083,0.989658,1
491418,1.01053,0.992997,1.01115,1
491438,1.01053,0.992997,1.01115,1
491459,0.973797,1.01368,1.00455,1
491479,0.973797,1.01368,1.00455,1
491500,0.973797,1.01368,1.00455,1
491520,1.00284,1.00997,1.00084,1
491541,1.00284,1.00997,1.00084,1
491562,1.01182,0.985502,0.993514,1
491582,1.01182,0.985502,0.993514,1
491603,0.998426,0.999904,0.997702,1
491624,1.00408,0.999848,1.0073,1
491645,1.00408,0.999848,1.0073,1
491665,1.0085,0.989279,0.993479,1
491686,1.0085,0.989279,0.993479,1
491707,0.994006,1.00618,1.00546,1
491727,0.994006,1.00618,1.00546,1
491748,0.994006,1.00618,1.00546,1
491768,1.00694,1.00322,1.01354,1
491788,1.00694,1.00322,1.01354,1
491809,0.991717,1.011,0.995217,1
491830,0.991717,1.011,0.995217,1
491851,0.991717,1.011,0.995217,1
491871,0.991681,1.00753,0.997988,1
491892,0.991681,1.00753,0.997988,1
491912,1.00681,1.01571,0.991928,1
491955,0.999955,0.997097,0.989208,1
492005,0,0,0,0
493288,0.998027,1.00788,1.0004,1
493309,0.998027,1.00788,1.0004,1
493329,0.998027,1.00788,1.0004,1
493349,1.008,0.998267,0.987314,1
493369,1.008,0.998267,0.987314,1
493389,1.01533,0.997944,1.00406,1
493410,1.01533,0.997944,1.00406,1
493430,1.01533,0.997944,1.00406,1
493450,1.00861,1.00185,1.00918,1
493471,1.00861,1.00185,1.00918,1
493491,0.987471,0.981152,0.98942,1
493511,0.987471,0.981152,0.98942,1
493532,0.987471,0.981152,0.98942,1
493552,1.01507,0.984854,1.00179,1
493572,1.01507,0.984854,1.00179,1
493592,0.995393,1.00121,1.00484,1
493613,0.995393,1.00121,1.00484,1
493633,0.995393,1.00121,1.00484,1
493653,0.996954,0.999419,0.984069,1
493674,0.996954,0.999419,0.984069,1
493694,0.995806,0.977737,1.00082,1
493714,0.995806,0.977737,1.00082,1
493735,0.995806,0.977737,1.00082,1
493755,0.999307,1.00751,0.994698,1
493775,0.999307,1.00751,0.994698,1
493795,1.01182,1.00667,1.01034,1
493816,1.01182,1.00667,1.01034,1
493836,1.01182,1.00667,1.01034,1
493856,0.996915,0.992917,0.982338,1
493877,0.996915,0.992917,0.982338,1
493897,0.980138,0.988947,1.00195,1
493917,0.980138,0.988947,1.00195,1
493938,0.980138,0.988947,1.00195,1
493958,1.01956,0.999162,1.00101,1
493978,1.01956,0.999162,1.00101,1
493998,1.01295,0.999291,1.00549,1
494019,1.01295,0.999291,1.00549,1
494039,1.01295,0.999291,1.00549,1
494059,0.982492,1.00334,1.01065,1
494079,0.982492,1.00334,1.01065,1
494100,0.995378,0.989445,0.997966,1
494120,0.995378,0.989445,0.997966,1
494140,0.995378,0.989445,0.997966,1
494161,1.02604,1.00796,0.996803,1
494181,1.02604,1.00796,0.996803,1
494201,1.02287,0.983954,0.99305,1
494221,1.02287,0.983954,0.99305,1
494242,1.00478,0.981281,0.984489,1
494262,1.00478,0.981281,0.984489,1
494282,1.00478,0.981281,0.984489,1
494302,0.991462,0.994683,1.01512,1
494323,0.991462,0.994683,1.01512,1
494343,0.993737,1.00051,1.00966,1
494363,0.993737,1.00051,1.00966,1
494383,0.993737,1.00051,1.00966,1
494404,1.01466,0.996615,1.0019,1
494424,1.01466,0.996615,1.0019,1
494444,0.980819,0.997255,0.992768,1
494464,0.980819,0.997255,0.992768,1
494485,0.980819,0.997255,0.992768,1
494505,1.01723,1.00746,0.996819,1
494525,1.01723,1.00746,0.996819,1
494546,1.00483,0.999298,1.00422,1
494566,1.00483,0.999298,1.00422,1
494586,1.00483,0.999298,1.00422,1
494607,1.00304,0.989625,1.00024,1
494627,1.00304,0.989625,1.00024,1
494647,0.991363,0.988096,1.00454,1
494668,0.991363,0.988096,1.00454,1
494688,0.991363,0.988096,1.00454,1
494708,0.987084,0.997454,1.00447,1
494729,0.987084,0.997454,1.00447,1
494749,0.995,1.00343,1.00439,1
494769,0.995,1.00343,1.00439,1
494790,0.995,1.00343,1.00439,1
494810,1.01343,0.972734,1.00286,1
494830,1.01343,0.972734,1.00286,1
494850,0.985891,0.978093,0.998344,1
494871,0.985891,0.978093,0.998344,1
494891,0.985891,0.978093,0.998344,1
494911,1.00018,0.996384,0.980379,1
494932,1.00018,0.996384,0.980379,1
494952,0.992065,1.02087,0.998346,1
494972,0.992065,1.02087,0.998346,1
494993,0.992065,1.02087,0.998346,1
495013,1.00186,0.997857,1.01364,1
495033,1.00186,0.997857,1.01364,1
495054,0.993083,1.00124,1.00739,1
495074,0.993083,1.00124,1.00739,1
495095,0.989852,0.997874,1.00263,1
495115,0.989852,0.997874,1.00263,1
495135,0.989852,0.997874,1.00263,1
495156,1.0018,1.00505,0.997331,1
495176,1.0018,1.00505,0.997331,1
495196,0.990945,1.00473,1.00403,1
495217,0.990945,1.00473,1.00403,1
495237,0.990945,1.00473,1.00403,1
495257,0.992353,0.98861,0.993113,1
495278,0.992353,0.98861,0.993113,1
495298,1.00239,0.991719,1.00049,1
495318,1.00239,0.991719,1.00049,1
495339,1.00239,0.991719,1.00049,1
495359,0.987708,1.00542,0.985815,1
495379,0.987708,1.00542,0.985815,1
495399,1.00619,1.00974,0.999547,1
495420,1.00619,1.00974,0.999547,1
495440,1.00619,1.00974,0.999547,1
495460,0.998859,1.00434,1.00116,1
495481,0.998859,1.00434,1.00116,1
495501,1.00813,0.983509,0.989403,1
495521,1.00813,0.983509,0.989403,1
495542,1.00813,0.983509,0.989403,1
495562,1.01797,1.00255,0.998375,1
495582,1.01797,1.00255,0.998375,1
495603,0.993454,0.994673,1.00322,1
495623,0.993454,0.994673,1.00322,1
495643,0.993454,0.994673,1.00322,1
495664,1.00437,1.00421,0.998173,1
495684,1.00437,1.00421,0.998173,1
495704,1.00009,1.02273,1.00748,1
495725,1.00009,1.02273,1.00748,1
495745,1.00009,1.02273,1.00748,1
495766,0.984796,1.00508,0.991659,1
495786,0.984796,1.00508,0.991659,1
495806,1.01611,1.01675,0.996436,1
495827,1.01611,1.01675,0.996436,1
495847,0.983674,1.01282,1.00835,1
495867,0.983674,1.01282,1.00835,1
495888,0.983674,1.01282,1.00835,1
495908,1.01756,1.00622,0.996139,1
495928,1.01756,1.00622,0.996139,1
495949,0.993064,1.00993,1.02375,1
495969,0.993064,1.00993,1.02375,1
495989,0.993064,1.00993,1.02375,1
496009,0.996843,0.997275,0.988731,1
496030,0.996843,0.997275,0.988731,1
496050,0.996301,1.00487,0.987071,1
496070,0.996301,1.00487,0.987071,1
496091,0.996301,1.00487,0.987071,1
496111,0.982366,1.01721,1.0114,1
496132,0.982366,1.01721,1.0114,1
496152,0.993901,1.01015,0.980793,1
496172,0.993901,1.01015,0.980793,1
496193,0.993901,1.01015,0.980793,1
496213,1.00122,0.999226,0.998316,1
496233,1.00122,0.999226,0.998316,1
496254,1.00157,0.989159,0.998572,1
496274,1.00157,0.989159,0.998572,1
496294,1.00157,0.989159,0.998572,1
496315,0.991663,1.00956,0.99908,1
496335,0.991663,1.00956,0.99908,1
496356,0.978049,0.991342,1.00407,1
496376,0.978049,0.991342,1.00407,1
496396,0.978049,0.991342,1.00407,1
496417,0.995959,1.01303,0.998729,1
496437,0.995959,1.01303,0.998729,1
496457,0.985053,1.00075,1.00242,1
496478,0.985053,1.00075,1.00242,1
496498,0.999736,0.983133,0.99527,1
496518,0.999736,0.983133,0.99527,1
496539,0.999736,0.983133,0.99527,1
496559,1.00455,1.00739,1.00187,1
496580,1.00455,1.00739,1.00187,1
496600,1.00318,0.994199,1.00323,1
496620,1.00318,0.994199,1.00323,1
496640,1.00318,0.994199,1.00323,1
496661,1.01141,0.995976,1.0115,1
496681,1.01141,0.995976,1.0115,1
496702,1.00535,0.999502,0.991087,1
496722,1.00535,0.999502,0.991087,1
496742,1.00535,0.999502,0.991087,1
496763,1.00824,0.999082,1.00534,1
496783,1.00824,0.999082,1.00534,1
496803,1.01007,0.978621,0.985251,1
496824,1.01007,0.978621,0.985251,1
496844,1.01007,0.978621,0.985251,1
496864,1.0053,1.0055,0.975483,1
496885,1.0053,1.0055,0.975483,1
496905,0.990926,1.01057,1.00261,1
496925,0.990926,1.01057,1.00261,1
496946,0.990926,1.01057,1.00261,1
496966,1.00561,0.994247,1.00888,1
496986,1.00561,0.994247,1.00888,1
497007,1.00173,0.999743,1.00391,1
497027,1.00173,0.999743,1.00391,1
497047,1.00173,0.999743,1.00391,1
497068,1.00066,1.00583,1.00654,1
497088,1.00066,1.00583,1.00654,1
497108,1.00112,1.00744,1.0032,1
497129,1.00112,1.00744,1.0032,1
497149,1.00112,1.00744,1.0032,1
497169,1.00702,1.00665,1.00009,1
497190,1.00702,1.00665,1.00009,1
497210,1.00347,0.996726,1.0089,1
497230,1.00347,0.996726,1.0089,1
497251,0.994689,0.995739,1.00797,1
497271,0.994689,0.995739,1.00797,1
497291,0.994689,0.995739,1.00797,1
497312,0.996761,0.992605,0.999885,1
497332,0.996761,0.992605,0.999885,1
497352,1.00065,1.01104,1.01357,1
497373,1.00065,1.01104,1.01357,1
497393,1.00065,1.01104,1.01357,1
497413,1.01024,1.00787,1.00324,1
497434,1.01024,1.00787,1.00324,1
497454,0.999341,0.993864,1.00787,1
497474,0.999341,0.993864,1.00787,1
497495,0.999341,0.993864,1.00787,1
497515,0.998323,0.999921,1.00919,1
497535,0.998323,0.999921,1.00919,1
497556,0.98264,0.994586,1.00199,1
497576,0.98264,0.994586,1.00199,1
497597,0.98264,0.994586,1.00199,1
497617,0.987494,0.999455,1.01448,1
497637,0.987494,0.999455,1.01448,1
497657,1.00377,0.992105,0.991975,1
497678,1.00377,0.992105,0.991975,1
497698,1.00377,0.992105,0.991975,1
497718,0.989099,1.00046,0.995593,1
497739,0.989099,1.00046,0.995593,1
497759,1.00344,0.998504,0.989608,1
497779,1.00344,0.998504,0.989608,1
497800,1.00344,0.998504,0.989608,1
497820,1.00651,1.00535,0.986437,1
497840,1.00651,1.00535,0.986437,1
497861,0.995183,1.00416,0.982174,1
497881,0.995183,1.00416,0.982174,1
497902,1.00248,0.999864,0.992714,1
497922,1.00248,0.999864,0.992714,1
497942,1.00248,0.999864,0.992714,1
497963,1.00474,1.00593,0.983542,1
497983,1.00474,1.00593,0.983542,1
498003,1.00451,1.00046,0.995964,1
498024,1.00451,1.00046,0.995964,1
498044,1.00451,1.00046,0.995964,1
498064,1.00069,0.988623,0.988594,1
498084,1.00069,0.988623,0.988594,1
498105,0.992537,1.01374,0.993768,1
498125,0.992537,1.01374,0.993768,1
498145,0.992537,1.01374,0.993768,1
498166,1.01059,1.00528,1.00064,1
498186,1.01059,1.00528,1.00064,1
498207,1.00853,1.00657,0.991622,1
498227,1.00853,1.00657,0.991622,1
498247,1.00853,1.00657,0.991622,1
498268,1.00573,0.996698,0.995254,1
498288,1.00573,0.996698,0.995254,1
498403,0,0,0,0
499669,0,0,0,0
499690,0,0,0,0
499710,0,0,0,0
499730,0,0,0,0
499750,0,0,0,0
499771,0,0,0,0
499791,0,0,0,0
499811,0,0,0,0
499832,0,0,0,0
499852,0,0,0,0
499872,0,0,0,0
499893,0,0,0,0
499913,0,0,0,0
499933,0,0,0,0
499954,0,0,0,0
499974,0,0,0,0
499995,0,0,0,0
500015,0,0,0,0
500035,0,0,0,0
500056,0,0,0,0
500076,0,0,0,0
500096,0,0,0,0
500117,0,0,0,0
500137,0,0,0,0
500157,0,0,0,0
500178,0,0,0,0
500198,0,0,0,0
500218,0,0,0,0
500239,0,0,0,0
500259,0,0,0,0
500279,0,0,0,0
500300,0,0,0,0
500320,0,0,0,0
500340,0,0,0,0
500361,0,0,0,0
500381,0,0,0,0
500401,0,0,0,0
500422,0,0,0,0
500442,0,0,0,0
500462,0,0,0,0
500483,0,0,0,0
500503,0,0,0,0
500523,0,0,0,0
500544,0,0,0,0
500564,0,0,0,0
500584,0,0,0,0
500605,0,0,0,0
500625,0,0,0,0
500646,0,0,0,0
500666,0,0,0,0
500686,0,0,0,0
500707,0,0,0,0
500727,0,0,0,0
500747,0,0,0,0
500768,0,0,0,0
500788,0,0,0,0
500809,0,0,0,0
500829,0,0,0,0
500849,0,0,0,0
500870,0,0,0,0
500890,0,0,0,0
500910,0,0,0,0
500931,0,0,0,0
500951,0,0,0,0
500972,0,0,0,0
500992,0,0,0,0
501013,0,0,0,0
501033,0,0,0,0
501053,0,0,0,0
501074,0,0,0,0
501094,0,0,0,0
501115,0,0,0,0
501135,0,0,0,0
501155,0,0,0,0
501176,0,0,0,0
501196,0,0,0,0
501217,0,0,0,0
501237,0,0,0,0
501257,0,0,0,0
501278,0,0,0,0
501298,0,0,0,0
501319,0,0,0,0
501339,0,0,0,0
501359,0,0,0,0
501380,0,0,0,0
501400,0,0,0,0
501420,0,0,0,0
501441,0,0,0,0
501461,0,0,0,0
501482,0,0,0,0
501502,0,0,0,0
501523,0,0,0,0
501543,0,0,0,0
501563,0,0,0,0
501584,0,0,0,0
501604,0,0,0,0
501625,0,0,0,0
501645,0,0,0,0
501665,0,0,0,0
501686,0,0,0,0
501706,0,0,0,0
501727,0,0,0,0
501747,0,0,0,0
501768,0,0,0,0
501788,0,0,0,0
501808,0,0,0,0
501829,0,0,0,0
501849,0,0,0,0
501870,0,0,0,0
501890,0,0,0,0
501910,0,0,0,0
501931,0,0,0,0
501951,0,0,0,0
501971,0,0,0,0
501992,0,0,0,0
502012,0,0,0,0
502032,0,0,0,0
502053,0,0,0,0
502073,0,0,0,0
502094,0,0,0,0
502114,0,0,0,0
502134,0,0,0,0
502155,0,0,0,0
502175,0,0,0,0
502196,0,0,0,0
502216,0,0,0,0
502237,0,0,0,0
502257,0,0,0,0
502277,0,0,0,0
502298,0,0,0,0
502318,0,0,0,0
502339,0,0,0,0
502359,0,0,0,0
502379,0,0,0,0
502400,0,0,0,0
502420,0,0,0,0
502440,0,0,0,0
502461,0,0,0,0
502481,0,0,0,0
502502,0,0,0,0
502522,0,0,0,0
502543,0,0,0,0
502563,0,0,0,0
502584,0,0,0,0
502604,0,0,0,0
502625,0,0,0,0
502645,0,0,0,0
502666,0,0,0,0
502686,0,0,0,0
502706,0,0,0,0
502727,0,0,0,0
502747,0,0,0,0
502768,0,0,0,0
502788,0,0,0,0
502809,0,0,0,0
502829,0,0,0,0
502849,0,0,0,0
502870,0,0,0,0
502890,0,0,0,0
502911,0,0,0,0
502931,0,0,0,0
502951,0,0,0,0
502972,0,0,0,0
502992,0,0,0,0
503012,0,0,0,0
503033,0,0,0,0
503053,0,0,0,0
503074,0,0,0,0
503094,0,0,0,0
503115,0,0,0,0
503135,0,0,0,0
503155,0,0,0,0
503176,0,0,0,0
503196,0,0,0,0
503217,0,0,0,0
503237,0,0,0,0
503258,0,0,0,0
503278,0,0,0,0
503299,0,0,0,0
503319,0,0,0,0
503340,0,0,0,0
503360,0,0,0,0
503381,0,0,0,0
503401,0,0,0,0
503422,0,0,0,0
503442,0,0,0,0
503463,0,0,0,0
503483,0,0,0,0
503504,0,0,0,0
503524,0,0,0,0
503544,0,0,0,0
503565,0,0,0,0
503585,0,0,0,0
503606,0,0,0,0
503626,0,0,0,0
503646,0,0,0,0
503667,0,0,0,0
503687,0,0,0,0
503708,0,0,0,0
503728,0,0,0,0
503749,0,0,0,0
503769,0,0,0,0
503790,0,0,0,0
503810,0,0,0,0
503831,0,0,0,0
503851,0,0,0,0
503872,0,0,0,0
503892,0,0,0,0
503913,0,0,0,0
503933,0,0,0,0
503954,0,0,0,0
503974,0,0,0,0
503995,0,0,0,0
504015,0,0,0,0
504036,0,0,0,0
504056,0,0,0,0
504077,0,0,0,0
504097,0,0,0,0
504118,0,0,0,0
504138,0,0,0,0
504159,0,0,0,0
504179,0,0,0,0
504200,0,0,0,0
504220,0,0,0,0
504241,0,0,0,0
504261,0,0,0,0
504282,0,0,0,0
504302,0,0,0,0
504322,0,0,0,0
504343,0,0,0,0
504363,0,0,0,0
504384,0,0,0,0
504404,0,0,0,0
504425,0,0,0,0
504445,0,0,0,0
504466,0,0,0,0
504486,0,0,0,0
504507,0,0,0,0
504527,0,0,0,0
504548,0,0,0,0
504568,0,0,0,0
504589,0,0,0,0
504609,0,0,0,0
504630,0,0,0,0
504650,0,0,0,0
504678,0.987815,0.974434,0.995306,1
504721,0,0,0,0
507418,1.01228,1.0311,1.00443,1
507438,1.01228,1.0311,1.00443,1
507458,1.01228,1.0311,1.00443,1
507479,1.00305,0.991928,0.998709,1
507499,1.00305,0.991928,0.998709,1
507519,1.01371,0.97897,0.99983,1
507539,1.01371,0.97897,0.99983,1
507560,1.01371,0.97897,0.99983,1
507580,1.01037,0.989271,0.978076,1
507600,1.01037,0.989271,0.978076,1
507621,1.00548,1.00959,0.978752,1
507641,1.00548,1.00959,0.978752,1
507661,1.00548,1.00959,0.978752,1
507681,1.00629,1.00152,1.00787,1
507702,1.00629,1.00152,1.00787,1
507722,1.01972,1.00804,0.996846,1
507742,1.01972,1.00804,0.996846,1
507763,1.01972,1.00804,0.996846,1
507783,1.00887,1.00088,0.995819,1
507803,1.00887,1.00088,0.995819,1
507824,0.996057,0.98029,1.01003,1
507844,0.996057,0.98029,1.01003,1
507864,0.996057,0.98029,1.01003,1
507885,0.994493,1.02312,1.00671,1
507905,0.994493,1.02312,1.00671,1
507925,0.98862,1.00428,1.00198,1
507946,0.98862,1.00428,1.00198,1
507966,0.98862,1.00428,1.00198,1
507986,0.988353,1.00367,1.01417,1
508007,0.988353,1.00367,1.01417,1
508027,0.998364,0.978442,1.00866,1
508047,0.998364,0.978442,1.00866,1
508068,0.998364,0.978442,1.00866,1
508088,0.997535,1.00635,0.997901,1
508108,0.997535,1.00635,0.997901,1
508129,0.994104,1.00673,1.00988,1
508149,0.994104,1.00673,1.00988,1
508169,0.994104,1.00673,1.00988,1
508190,1.00381,0.977845,1.00225,1
508210,1.00381,0.977845,1.00225,1
508230,1.00416,0.997463,0.99659,1
508251,1.00416,0.997463,0.99659,1
508271,1.01284,1.00509,1.00058,1
508291,1.01284,1.00509,1.00058,1
508312,1.01284,1.00509,1.00058,1
508332,0.996316,0.999845,1.00422,1
508353,0.996316,0.999845,1.00422,1
508373,1.01107,1.0096,0.989578,1
508393,1.01107,1.0096,0.989578,1
508414,1.01107,1.0096,0.989578,1
508434,1.0102,0.991197,0.999408,1
508454,1.0102,0.991197,0.999408,1
508475,1.00823,0.994738,0.997131,1
508495,1.00823,0.994738,0.997131,1
508515,1.00823,0.994738,0.997131,1
508535,0.98181,1.00073,0.99461,1
508556,0.98181,1.00073,0.99461,1
508576,0.999385,0.997983,1.01751,1
508596,0.999385,0.997983,1.01751,1
508617,0.999385,0.997983,1.01751,1
508637,1.01135,0.996274,1.00286,1
508657,1.01135,0.996274,1.00286,1
508678,0.998784,1.00522,0.996998,1
508698,0.998784,1.00522,0.996998,1
508718,0.998784,1.00522,0.996998,1
508739,1.00217,1.00403,1.00057,1
508759,1.00217,1.00403,1.00057,1
508780,1.00429,1.0217,0.994102,1
508800,1.00429,1.0217,0.994102,1
508820,1.00429,1.0217,0.994102,1
508840,1.00302,0.994542,0.992142,1
508861,1.00302,0.994542,0.992142,1
508881,1.01784,1.01013,0.989129,1
508901,1.01784,1.01013,0.989129,1
508922,1.01784,1.01013,0.989129,1
508942,1.01289,1.01411,1.00387,1
508963,1.01289,1.01411,1.00387,1
508983,1.01985,0.995502,0.999682,1
509003,1.01985,0.995502,0.999682,1
509024,0.99735,0.990353,0.978284,1
509044,0.99735,0.990353,0.978284,1
509064,0.99735,0.990353,0.978284,1
509084,1.00778,0.997746,1.00101,1
509105,1.00778,0.997746,1.00101,1
509125,0.98927,1.00064,0.977546,1
509145,0.98927,1.00064,0.977546,1
509166,0.98927,1.00064,0.977546,1
509186,0.984157,1.00084,0.991709,1
509207,0.984157,1.00084,0.991709,1
509227,0.997537,0.983712,1.00179,1
509247,0.997537,0.983712,1.00179,1
509268,0.997537,0.983712,1.00179,1
509288,0.994375,0.998112,0.99522,1
509309,0.994375,0.998112,0.99522,1
509329,0.99827,0.990444,0.998453,1
509349,0.99827,0.990444,0.998453,1
509369,0.99827,0.990444,0.998453,1
509390,0.989597,1.00246,1.01505,1
509410,0.989597,1.00246,1.01505,1
509431,0.994939,1.00853,0.995681,1
509451,0.994939,1.00853,0.995681,1
509471,0.994939,1.00853,0.995681,1
509492,0.983298,1.00856,1.00632,1
509512,0.983298,1.00856,1.00632,1
509532,1.01683,1.01141,0.992201,1
509552,1.01683,1.01141,0.992201,1
509573,1.01683,1.01141,0.992201,1
509593,0.997164,0.986887,0.995375,1
509613,0.997164,0.986887,0.995375,1
509634,1.00797,0.991471,0.997214,1
509654,1.00797,0.991471,0.997214,1
509675,1.00797,0.991471,0.997214,1
509695,0.995703,1.01242,0.99943,1
509715,0.995703,1.01242,0.99943,1
509735,1.00035,1.00157,0.983621,1
509756,1.00035,1.00157,0.983621,1
509776,0.998415,1.00493,0.996923,1
509796,0.998415,1.00493,0.996923,1
509817,0.998415,1.00493,0.996923,1
509837,0.98768,0.99441,1.00473,1
509857,0.98768,0.99441,1.00473,1
509878,1.01109,0.988471,1.00247,1
509926,1.01704,0.998996,0.999495,1
509976,0,0,0,0
511672,1.00583,1.00088,0.986139,1
511693,1.00583,1.00088,0.986139,1
511713,1.00583,1.00088,0.986139,1
511733,1.00501,0.988122,0.998018,1
511753,1.00501,0.988122,0.998018,1
511774,1.00936,0.997193,1.01045,1
511794,1.00936,0.997193,1.01045,1
511814,1.00936,0.997193,1.01045,1
511834,1.00027,0.99507,1.00646,1
511855,1.00027,0.99507,1.00646,1
511875,1.00566,1.00162,0.99348,1
511896,1.00566,1.00162,0.99348,1
511916,1.00566,1.00162,0.99348,1
511936,1.01469,1.00412,0.973801,1
511957,1.01469,1.00412,0.973801,1
511977,0.983704,1.00505,1.00805,1
511997,0.983704,1.00505,1.00805,1
512018,0.983704,1.00505,1.00805,1
512038,1.00478,0.9921,0.998897,1
512058,1.00478,0.9921,0.998897,1
512079,0.990254,1.00475,1.00417,1
512099,0.990254,1.00475,1.00417,1
512120,0.990254,1.00475,1.00417,1
512140,0.996191,0.992032,1.00968,1
512160,0.996191,0.992032,1.00968,1
512181,1.01838,1.00295,1.00233,1
512201,1.01838,1.00295,1.00233,1
512221,1.01838,1.00295,1.00233,1
512241,0.996,1.01155,0.997659,1
512262,0.996,1.01155,0.997659,1
512282,1.01614,0.982312,1.02549,1
512302,1.01614,0.982312,1.02549,1
512323,1.01614,0.982312,1.02549,1
512343,1.00742,0.995679,0.996583,1
512363,1.00742,0.995679,0.996583,1
512384,0.983416,0.993087,1.00237,1
512404,0.983416,0.993087,1.00237,1
512425,0.994085,0.992478,1.0146,1
512445,0.994085,0.992478,1.0146,1
512465,0.994085,0.992478,1.0146,1
512486,0.995492,0.998545,1.012,1
512506,0.995492,0.998545,1.012,1
512526,0.995596,1.01703,0.993341,1
512547,0.995596,1.01703,0.993341,1
512567,0.995596,1.01703,0.993341,1
512588,0.995607,1.01603,0.997602,1
512608,0.995607,1.01603,0.997602,1
512628,0.998458,0.995457,1.00554,1
512649,0.998458,0.995457,1.00554,1
512669,0.998458,0.995457,1.00554,1
512689,0.979729,1.0118,1.011,1
512710,0.979729,1.0118,1.011,1
512730,1.00251,1.00597,0.999295,1
512750,1.00251,1.00597,0.999295,1
512771,1.00251,1.00597,0.999295,1
512791,0.992022,0.994598,1.01714,1
512811,0.992022,0.994598,1.01714,1
512831,0.987487,0.992024,1.00962,1
512852,0.987487,0.992024,1.00962,1
512872,0.987487,0.992024,1.00962,1
512892,0.99459,0.993135,1.00907,1
512913,0.99459,0.993135,1.00907,1
512933,0.989405,1.00564,0.990184,1
512953,0.989405,1.00564,0.990184,1
512974,0.989405,1.00564,0.990184,1
512994,0.997575,0.996207,1.01837,1
513015,0.997575,0.996207,1.01837,1
513035,1.02651,0.987446,1.01302,1
513055,1.02651,0.987446,1.01302,1
513076,1.02651,0.987446,1.01302,1
513096,0.995896,0.991975,0.998242,1
513116,0.995896,0.991975,0.998242,1
513137,1.01794,0.999791,0.984315,1
513157,1.01794,0.999791,0.984315,1
513177,1.00416,1.00139,1.00889,1
513198,1.00416,1.00139,1.00889,1
513218,1.00416,1.00139,1.00889,1
513238,1.00287,0.996302,1.00149,1
513259,1.00287,0.996302,1.00149,1
513279,1.00002,1.01456,0.999959,1
513299,1.00002,1.01456,0.999959,1
513320,1.00002,1.01456,0.999959,1
513340,1.00418,1.00554,0.985191,1
513360,1.00418,1.00554,0.985191,1
513381,1.0029,0.99288,0.986811,1
513401,1.0029,0.99288,0.986811,1
513422,1.0029,0.99288,0.986811,1
513442,0.983886,0.998611,1.00219,1
513462,0.983886,0.998611,1.00219,1
513483,1.01629,1.00276,0.992702,1
513503,1.01629,1.00276,0.992702,1
513523,1.01629,1.00276,0.992702,1
513544,0.997923,1.00457,1.01254,1
513564,0.997923,1.00457,1.01254,1
513584,1.00849,1.00977,1.01494,1
513605,1.00849,1.00977,1.01494,1
513625,1.00849,1.00977,1.01494,1
513645,0.999763,0.984556,1.00654,1
513666,0.999763,0.984556,1.00654,1
513686,1.00637,0.993435,0.981996,1
513707,1.00637,0.993435,0.981996,1
513727,1.00637,0.993435,0.981996,1
513747,0.994816,1.01166,1.00269,1
513768,0.994816,1.01166,1.00269,1
513788,1.01147,1.00557,1.01259,1
513809,1.01147,1.00557,1.01259,1
513829,1.01147,1.00557,1.01259,1
513849,1.00012,1.00306,1.00338,1
513870,1.00012,1.00306,1.00338,1
513890,0.997778,0.995099,1.00631,1
513911,0.997778,0.995099,1.00631,1
513931,0.994102,0.98315,1.01371,1
513951,0.994102,0.98315,1.01371,1
513972,0.994102,0.98315,1.01371,1
513992,1.00456,1.01344,1.02742,1
514013,1.00456,1.01344,1.02742,1
514033,1.01298,0.988367,1.00258,1
514053,1.01298,0.988367,1.00258,1
514074,1.01298,0.988367,1.00258,1
514094,0.985001,0.996094,1.01416,1
514115,0.985001,0.996094,1.01416,1
514135,1.00391,0.994863,0.985685,1
514156,1.00391,0.994863,0.985685,1
514176,1.00391,0.994863,0.985685,1
514196,1.00471,1.00045,0.999557,1
514217,1.00471,1.00045,0.999557,1
514237,0.993309,1.00242,0.989274,1
514257,0.993309,1.00242,0.989274,1
514278,0.993309,1.00242,0.989274,1
514298,1.01156,0.999622,1.0145,1
514318,1.01156,0.999622,1.0145,1
514339,0.995197,0.991574,0.995341,1
514359,0.995197,0.991574,0.995341,1
514380,0.995197,0.991574,0.995341,1
514400,1.00696,0.999455,1.0046,1
514421,1.00696,0.999455,1.0046,1
514441,0.996379,0.992908,0.993172,1
514461,0.996379,0.992908,0.993172,1
514482,0.997539,0.992443,0.985445,1
514502,0.997539,0.992443,0.985445,1
514523,0.997539,0.992443,0.985445,1
514543,1.02472,0.993584,1.01105,1
514564,1.02472,0.993584,1.01105,1
514584,0.994873,0.988248,1.00644,1
514605,0.994873,0.988248,1.00644,1
514625,0.994873,0.988248,1.00644,1
514645,1.00211,0.997367,0.99695,1
514666,1.00211,0.997367,0.99695,1
514686,0.99734,0.994618,0.975996,1
514707,0.99734,0.994618,0.975996,1
514727,0.99734,0.994618,0.975996,1
514748,1.00546,1.00363,0.997312,1
514768,1.00546,1.00363,0.997312,1
514789,1.00029,0.991722,1.00732,1
514809,1.00029,0.991722,1.00732,1
514829,1.00029,0.991722,1.00732,1
514850,0.996035,0.985461,1.00392,1
514870,0.996035,0.985461,1.00392,1
514891,0.991252,0.993605,1.01378,1
514911,0.991252,0.993605,1.01378,1
514932,0.991252,0.993605,1.01378,1
514952,1.0168,1.00895,0.993953,1
514973,1.0168,1.00895,0.993953,1
514993,1.00959,0.998933,1.00302,1
515014,1.00959,0.998933,1.00302,1
515034,1.00788,0.987553,1.00077,1
515054,1.00788,0.987553,1.00077,1
515075,1.00788,0.987553,1.00077,1
515095,0.991904,0.986524,1.01186,1
515116,0.991904,0.986524,1.01186,1
515136,1.00478,0.991946,1.00681,1
515157,1.00478,0.991946,1.00681,1
515177,1.00478,0.991946,1.00681,1
515198,1.00538,1.00714,0.989927,1
515218,1.00538,1.00714,0.989927,1
515239,0.992673,0.979618,0.995163,1
515259,0.992673,0.979618,0.995163,1
515279,0.992673,0.979618,0.995163,1
515300,1.02072,1.002,1.01694,1
515320,1.02072,1.002,1.01694,1
515340,0.98908,0.993168,0.994721,1
515361,0.98908,0.993168,0.994721,1
515381,0.98908,0.993168,0.994721,1
515401,1.01447,1.00363,0.990241,1
515422,1.01447,1.00363,0.990241,1
515442,0.985362,1.00886,0.978307,1
515463,0.985362,1.00886,0.978307,1
515483,0.985362,1.00886,0.978307,1
515504,1.00095,0.99023,0.993894,1
515524,1.00095,0.99023,0.993894,1
515545,0.995312,0.996526,0.997308,1
515565,0.995312,0.996526,0.997308,1
515586,0.993244,0.999829,1.00241,1
515606,0.993244,0.999829,1.00241,1
515627,0.993244,0.999829,1.00241,1
515647,1.00402,0.994316,0.990212,1
515667,1.00402,0.994316,0.990212,1
515688,0.999168,1.00224,1.00509,1
515708,0.999168,1.00224,1.00509,1
515728,0.999168,1.00224,1.00509,1
515749,1.00746,0.998663,0.981914,1
515769,1.00746,0.998663,0.981914,1
515790,0.997272,0.986361,1.00547,1
515810,0.997272,0.986361,1.00547,1
515831,0.997272,0.986361,1.00547,1
515851,0.980096,0.990115,0.987386,1
515872,0.980096,0.990115,0.987386,1
515892,0.998537,0.999514,0.98819,1
515913,0.998537,0.999514,0.98819,1
515933,0.998537,0.999514,0.98819,1
515954,0.997307,0.993708,1.00668,1
515974,0.997307,0.993708,1.00668,1
515995,1.00056,1.00434,0.990205,1
516015,1.00056,1.00434,0.990205,1
516036,1.00056,1.00434,0.990205,1
516056,1.01433,0.998019,1.00558,1
516077,1.01433,0.998019,1.00558,1
516097,0.998786,0.995837,0.991719,1
516118,0.998786,0.995837,0.991719,1
516138,0.982036,0.994244,0.988405,1
516159,0.982036,0.994244,0.988405,1
516179,0.982036,0.994244,0.988405,1
516200,1.0121,1.00092,0.97307,1
516220,1.0121,1.00092,0.97307,1
516241,1.00033,1.00799,0.997425,1
516261,1.00033,1.00799,0.997425,1
516281,1.00033,1.00799,0.997425,1
516302,0.99276,0.999781,0.990913,1
516322,0.99276,0.999781,0.990913,1
516343,0.996837,0.98996,1.01282,1
516363,0.996837,0.98996,1.01282,1
516384,0.996837,0.98996,1.01282,1
516404,1.00267,1.01363,1.00069,1
516425,1.00267,1.01363,1.00069,1
516445,0.985648,1.00138,0.989843,1
516466,0.985648,1.00138,0.989843,1
516486,0.985648,1.00138,0.989843,1
516507,0.989805,1.00212,1.01082,1
516527,0.989805,1.00212,1.01082,1
516548,0.996486,0.987487,1.01286,1
516568,0.996486,0.987487,1.01286,1
516589,0.999376,0.997789,0.982874,1
516609,0.999376,0.997789,0.982874,1
516630,0.999376,0.997789,0.982874,1
516651,0.996545,1.00906,1.00269,1
516671,0.996545,1.00906,1.00269,1
516692,0.993855,1.0088,0.99004,1
516712,0.993855,1.0088,0.99004,1
516733,0.993855,1.0088,0.99004,1
516753,0.984352,1.00528,1.00007,1
516774,0.984352,1.00528,1.00007,1
516794,0.997293,1.00197,1.00279,1
516815,0.997293,1.00197,1.00279,1
516835,0.997293,1.00197,1.00279,1
516856,1.02736,0.996507,1.00616,1
516876,1.02736,0.996507,1.00616,1
516896,1.00576,0.986483,0.993254,1
516917,1.00576,0.986483,0.993254,1
516937,1.00576,0.986483,0.993254,1
516958,0.986636,1.00393,1.00803,1
516979,0.986636,1.00393,1.00803,1
516999,1.01234,0.98759,0.99926,1
517020,1.01234,0.98759,0.99926,1
517040,0.996281,0.982222,1.00236,1
517061,0.996281,0.982222,1.00236,1
517081,0.996281,0.982222,1.00236,1
517101,0.994639,0.994623,1.00462,1
517121,0.994639,0.994623,1.00462,1
517142,1.00168,1.01334,0.997634,1
517162,1.00168,1.01334,0.997634,1
517182,1.00168,1.01334,0.997634,1
517202,0.991553,1.00726,0.983712,1
517222,0.991553,1.00726,0.983712,1
517242,1.01095,0.993954,0.996351,1
517263,1.01095,0.993954,0.996351,1
517283,1.01095,0.993954,0.996351,1
517303,1.00229,0.997252,0.987536,1
517323,1.00229,0.997252,0.987536,1
517343,0.996465,1.01829,0.995784,1
517363,0.996465,1.01829,0.995784,1
517384,0.996465,1.01829,0.995784,1
517404,0.989075,0.998493,1.01054,1
517424,0.989075,0.998493,1.01054,1
517444,0.988567,0.990589,0.998171,1
517464,0.988567,0.990589,0.998171,1
517484,0.988567,0.990589,0.998171,1
517505,0.984776,1.01047,1.02969,1
517525,0.984776,1.01047,1.02969,1
517545,1.00912,1.00659,1.00705,1
517565,1.00912,1.00659,1.00705,1
517585,1.00912,1.00659,1.00705,1
517605,1.01222,1.00011,1.01524,1
517625,1.01222,1.00011,1.01524,1
517646,0.998572,1.01198,0.977575,1
517666,0.998572,1.01198,0.977575,1
517686,0.998572,1.01198,0.977575,1
517706,0.998318,1.00385,1.00692,1
517726,0.998318,1.00385,1.00692,1
517746,0.995964,1.00169,0.989884,1
517767,0.995964,1.00169,0.989884,1
517787,0.995964,1.00169,0.989884,1
517807,1.01368,1.00832,1.00935,1
517827,1.01368,1.00832,1.00935,1
517847,0.999727,1.02041,1.00124,1
517867,0.999727,1.02041,1.00124,1
517888,0.999727,1.02041,1.00124,1
517908,0.995625,1.00227,1.01318,1
517928,0.995625,1.00227,1.01318,1
517948,0.999965,0.99211,0.989277,1
517968,0.999965,0.99211,0.989277,1
517988,0.999965,0.99211,0.989277,1
518008,1.00735,1.00966,0.996732,1
518029,1.00735,1.00966,0.996732,1
518049,1.00438,0.991057,0.996342,1
518069,1.00438,0.991057,0.996342,1
518089,1.00438,0.991057,0.996342,1
518109,1.00318,1.00807,0.991758,1
518129,1.00318,1.00807,0.991758,1
518150,1.0114,0.988752,1.00547,1
518170,1.0114,0.988752,1.00547,1
518190,1.0114,0.988752,1.00547,1
518210,0.99532,0.987991,1.00493,1
518231,0.99532,0.987991,1.00493,1
518251,0.993276,0.99697,1.00527,1
518272,0.993276,0.99697,1.00527,1
518292,1.00656,0.994638,0.989772,1
518312,1.00656,0.994638,0.989772,1
518333,1.00656,0.994638,0.989772,1
518353,0.997712,1.00797,0.990764,1
518374,0.997712,1.00797,0.990764,1
518394,0.997336,1.00586,1.00278,1
518415,0.997336,1.00586,1.00278,1
518435,0.997336,1.00586,1.00278,1
518456,0.995664,1.00407,1.00313,1
518477,0.995664,1.00407,1.00313,1
518497,0.999537,0.995293,0.986392,1
518518,0.999537,0.995293,0.986392,1
518538,0.999537,0.995293,0.986392,1
518559,0.977426,1.00437,1.01156,1
518580,0.977426,1.00437,1.01156,1
518600,0.998851,1.00522,0.995872,1
518621,0.998851,1.00522,0.995872,1
518641,0.998851,1.00522,0.995872,1
518662,0.997189,1.00685,0.993906,1
518683,0.997189,1.00685,0.993906,1
518703,1.00168,1.00369,1.01037,1
518724,1.00168,1.00369,1.01037,1
518744,0.995827,0.99657,0.997347,1
518765,0.995827,0.99657,0.997347,1
518786,0.995827,0.99657,0.997347,1
518806,0.999319,0.97427,1.01044,1
518827,0.999319,0.97427,1.01044,1
518847,1.00374,1.01477,0.989229,1
518868,1.00374,1.01477,0.989229,1
518888,1.00374,1.01477,0.989229,1
518909,0.992663,1.00113,1.00673,1
518929,0.992663,1.00113,1.00673,1
518949,1.00698,1.0099,0.991303,1
518970,1.00698,1.0099,0.991303,1
518991,1.00698,1.0099,0.991303,1
519011,1.00124,0.996045,1.01709,1
519032,1.00124,0.996045,1.01709,1
519052,1.01886,1.00165,0.991172,1
519073,1.01886,1.00165,0.991172,1
519094,1.01886,1.00165,0.991172,1
519114,1.00152,0.983499,1.00787,1
519135,1.00152,0.983499,1.00787,1
519155,0.989374,0.988578,1.00764,1
519176,0.989374,0.988578,1.00764,1
519197,0.999487,1.01249,0.985327,1
519217,0.999487,1.01249,0.985327,1
519238,0.999487,1.01249,0.985327,1
519259,0.986607,0.999287,0.997725,1
519279,0.986607,0.999287,0.997725,1
519300,0.993373,0.994435,0.994951,1
519320,0.993373,0.994435,0.994951,1
519341,0.993373,0.994435,0.994951,1
519362,1.01427,1.01637,0.998263,1
519382,1.01427,1.01637,0.998263,1
519403,0.994303,1.00142,1.00465,1
519423,0.994303,1.00142,1.00465,1
519444,0.994303,1.00142,1.00465,1
519464,1.00531,1.00866,1.00008,1
519484,1.00531,1.00866,1.00008,1
519505,0.994808,0.980705,1.00018,1
519525,0.994808,0.980705,1.00018,1
519546,1.0064,0.994934,1.00856,1
519567,1.0064,0.994934,1.00856,1
519587,1.0064,0.994934,1.00856,1
519608,1.02174,0.996826,1.01795,1
519629,1.02174,0.996826,1.01795,1
519649,1.00483,1.01084,1.01636,1
519670,1.00483,1.01084,1.01636,1
519691,1.00483,1.01084,1.01636,1
519711,0.986421,0.996221,1.00097,1
519732,0.986421,0.996221,1.00097,1
519752,1.001,1.01434,0.998322,1
519773,1.001,1.01434,0.998322,1
519794,1.001,1.01434,0.998322,1
519814,1.00399,1.00829,1.00249,1
519835,1.00399,1.00829,1.00249,1
519856,0.9774,0.989345,0.996826,1
519876,0.9774,0.989345,0.996826,1
519897,1.00093,1.00337,0.997856,1
519917,1.00093,1.00337,0.997856,1
519938,1.00093,1.00337,0.997856,1
519959,1.00225,0.993484,1.00549,1
519979,1.00225,0.993484,1.00549,1
520000,1.00283,0.972223,1.00704,1
520021,1.00283,0.972223,1.00704,1
520041,1.00283,0.972223,1.00704,1
520062,1.00959,1.02027,0.99544,1
520083,1.00959,1.02027,0.99544,1
520103,1.01635,1.01246,1.00835,1
520124,1.01635,1.01246,1.00835,1
520145,1.01635,1.01246,1.00835,1
520165,1.00489,0.99129,0.984878,1
520186,1.00489,0.99129,0.984878,1
520206,1.01008,1.00147,1.01081,1
520227,1.01008,1.00147,1.01081,1
520248,1.01008,1.00147,1.01081,1
520269,1.00276,0.999921,1.0062,1
520289,1.00276,0.999921,1.0062,1
520310,0.996685,1.00112,0.988455,1
520330,0.996685,1.00112,0.988455,1
520350,0.994631,1.00595,1.00864,1
520371,0.994631,1.00595,1.00864,1
520391,0.994631,1.00595,1.00864,1
520412,0.999667,0.9933,0.985382,1
520433,0.999667,0.9933,0.985382,1
520453,1.00837,0.996955,0.994564,1
520474,1.00837,0.996955,0.994564,1
520495,1.00837,0.996955,0.994564,1
520515,1.0209,1.00601,0.995775,1
520536,1.0209,1.00601,0.995775,1
520557,1.0034,0.995094,1.00222,1
520577,1.0034,0.995094,1.00222,1
520598,1.0034,0.995094,1.00222,1
520619,1.00705,0.991395,0.994028,1
520639,1.00705,0.991395,0.994028,1
520660,1.01282,1.01555,1.00234,1
520681,1.01282,1.01555,1.00234,1
520701,0.989204,0.997259,1.00664,1
520722,0.989204,0.997259,1.00664,1
520742,0.989204,0.997259,1.00664,1
520763,1.00976,0.983741,0.98972,1
520783,1.00976,0.983741,0.98972,1
520804,1.00586,1.01609,1.00347,1
520824,1.00586,1.01609,1.00347,1
520845,1.00586,1.01609,1.00347,1
520866,0.981964,0.987994,1.0112,1
520886,0.981964,0.987994,1.0112,1
520907,1.01141,0.99768,0.986207,1
520928,1.01141,0.99768,0.986207,1
520948,1.01141,0.99768,0.986207,1
520969,1.00798,1.00665,0.995229,1
520990,1.00798,1.00665,0.995229,1
521010,1.00569,1.02664,1.00426,1
521031,1.00569,1.02664,1.00426,1
521052,0.996717,0.994206,0.995206,1
521073,0.996717,0.994206,0.995206,1
521093,0.996717,0.994206,0.995206,1
521114,1.0067,0.995564,0.981379,1
521135,1.0067,0.995564,0.981379,1
521155,0.990791,1.01171,1.00961,1
521176,0.990791,1.01171,1.00961,1
521197,0.990791,1.01171,1.00961,1
521217,0.997393,0.997892,1.01045,1
521238,0.997393,0.997892,1.01045,1
521259,1.01021,1.00073,1.00812,1
521280,1.01021,1.00073,1.00812,1
521300,1.01021,1.00073,1.00812,1
521321,1.00349,1.00388,1.00431,1
521341,1.00349,1.00388,1.00431,1
521361,0.990018,1.01255,1.00251,1
521382,0.990018,1.01255,1.00251,1
521402,1.00806,0.97428,0.986356,1
521423,1.00806,0.97428,0.986356,1
521444,1.00806,0.97428,0.986356,1
521464,1.00211,0.981347,1.00394,1
521485,1.00211,0.981347,1.00394,1
521506,0.998586,0.988084,0.992307,1
521526,0.998586,0.988084,0.992307,1
521547,0.998586,0.988084,0.992307,1
521568,0.996295,1.00129,0.994452,1
521589,0.996295,1.00129,0.994452,1
521609,0.993676,1.01324,1.00314,1
521630,0.993676,1.01324,1.00314,1
521651,0.993676,1.01324,1.00314,1
521672,0.994399,1.0014,1.00853,1
521692,0.994399,1.0014,1.00853,1
521713,1.00336,0.994232,0.991187,1
521734,1.00336,0.994232,0.991187,1
521755,0.993165,0.992632,1.0026,1
521775,0.993165,0.992632,1.0026,1
521796,0.993165,0.992632,1.0026,1
521817,0.995649,1.00757,1.00123,1
521837,0.995649,1.00757,1.00123,1
521858,0.992185,0.996407,0.98704,1
521879,0.992185,0.996407,0.98704,1
521900,0.992185,0.996407,0.98704,1
521920,0.997926,1.00271,1.01086,1
521941,0.997926,1.00271,1.01086,1
521961,0.983593,0.98886,0.998042,1
521982,0.983593,0.98886,0.998042,1
522002,0.983593,0.98886,0.998042,1
522023,0.99921,0.998078,1.00841,1
522043,0.99921,0.998078,1.00841,1
522064,1.00091,0.983603,1.00864,1
522085,1.00091,0.983603,1.00864,1
522106,1.00002,1.00368,1.01163,1
522126,1.00002,1.00368,1.01163,1
522147,1.00002,1.00368,1.01163,1
522168,0.983985,1.00348,0.984543,1
522189,0.983985,1.00348,0.984543,1
522209,1.02371,1.00819,1.01126,1
522230,1.02371,1.00819,1.01126,1
522251,1.02371,1.00819,1.01126,1
522271,1.01472,1.00679,0.997074,1
522292,1.01472,1.00679,0.997074,1
522313,0.993116,1.00015,0.993134,1
522334,0.993116,1.00015,0.993134,1
522354,0.993116,1.00015,0.993134,1
522375,0.99604,0.983988,0.984954,1
522396,0.99604,0.983988,0.984954,1
522417,0.991608,0.995447,0.978352,1
522437,0.991608,0.995447,0.978352,1
522458,0.99489,0.99865,1.00541,1
522479,0.99489,0.99865,1.00541,1
522499,0.99489,0.99865,1.00541,1
522519,0.99954,0.995863,1.01539,1
522540,0.99954,0.995863,1.01539,1
522560,1.00382,1.01845,1.00234,1
522581,1.00382,1.01845,1.00234,1
522602,1.00382,1.01845,1.00234,1
522622,0.991633,0.994855,1.01157,1
522643,0.991633,0.994855,1.01157,1
522664,1.02013,0.993212,1.00081,1
522691,1.02013,0.993212,1.00081,1
522757,0,0,0,0
523744,1.00911,1.00415,1.00054,1
523764,1.00911,1.00415,1.00054,1
523784,1.00911,1.00415,1.00054,1
523804,0.993915,1.01348,0.990795,1
523824,0.993915,1.01348,0.990795,1
523845,1.00572,0.991979,1.01982,1
523865,1.00572,0.991979,1.01982,1
523885,1.00572,0.991979,1.01982,1
523906,1.0096,1.0213,1.01866,1
523926,1.0096,1.0213,1.01866,1
523946,1.00678,0.988674,1.00025,1
523966,1.00678,0.988674,1.00025,1
523986,1.00678,0.988674,1.00025,1
524007,0.994308,0.991998,1.01183,1
524027,0.994308,0.991998,1.01183,1
524047,0.985553,1.01644,0.991753,1
524067,0.985553,1.01644,0.991753,1
524088,0.985553,1.01644,0.991753,1
524108,0.996178,0.980851,0.987458,1
524128,0.996178,0.980851,0.987458,1
524149,0.98513,1.00036,1.02016,1
524169,0.98513,1.00036,1.02016,1
524189,0.98513,1.00036,1.02016,1
524210,1.00031,1.00908,0.987053,1
524230,1.00031,1.00908,0.987053,1
524250,1.0109,1.00388,1.00704,1
524270,1.0109,1.00388,1.00704,1
524291,1.0109,1.00388,1.00704,1
524311,1.00155,1.00736,0.997331,1
524331,1.00155,1.00736,0.997331,1
524352,1.00118,0.990762,0.997819,1
524372,1.00118,0.990762,0.997819,1
524392,1.00118,0.990762,0.997819,1
524412,0.988603,1.00289,0.993841,1
524433,0.988603,1.00289,0.993841,1
524453,0.99579,0.997969,1.00194,1
524473,0.99579,0.997969,1.00194,1
524493,0.99579,0.997969,1.00194,1
524514,0.997635,1.00946,0.992202,1
524534,0.997635,1.00946,0.992202,1
524554,0.99615,1.0121,1.0077,1
524574,0.99615,1.0121,1.0077,1
524595,0.99615,1.0121,1.0077,1
524615,1.00046,1.0054,0.980255,1
524635,1.00046,1.0054,0.980255,1
524656,1.00057,0.993019,0.997114,1
524676,1.00057,0.993019,0.997114,1
524696,1.0069,0.999014,1.00272,1
524717,1.0069,0.999014,1.00272,1
524737,1.0069,0.999014,1.00272,1
524757,1.00609,1.00305,1.00028,1
524778,1.00609,1.00305,1.00028,1
524798,0.982987,1.00681,1.00458,1
524818,0.982987,1.00681,1.00458,1
524839,0.982987,1.00681,1.00458,1
524859,1.01268,0.993951,1.00015,1
524879,1.01268,0.993951,1.00015,1
524899,0.993359,0.995761,1.00574,1
524920,0.993359,0.995761,1.00574,1
524940,0.993359,0.995761,1.00574,1
524960,0.99941,1.00315,0.98042,1
524981,0.99941,1.00315,0.98042,1
525001,0.996208,0.999405,1.0067,1
525021,0.996208,0.999405,1.0067,1
525041,0.996208,0.999405,1.0067,1
525062,0.992367,0.992848,0.9956,1
525082,0.992367,0.992848,0.9956,1
525102,0.999093,0.99125,1.00242,1
525122,0.999093,0.99125,1.00242,1
525143,0.999093,0.99125,1.00242,1
525163,1.00471,1.01619,0.993096,1
525183,1.00471,1.01619,0.993096,1
525203,0.995876,0.99082,1.00495,1
525224,0.995876,0.99082,1.00495,1
525244,0.995876,0.99082,1.00495,1
525264,1.00895,0.999161,0.994984,1
525284,1.00895,0.999161,0.994984,1
525305,0.991391,0.999676,1.01516,1
525325,0.991391,0.999676,1.01516,1
525345,0.991391,0.999676,1.01516,1
525365,0.997847,1.00332,0.990891,1
525386,0.997847,1.00332,0.990891,1
525406,0.989352,0.999719,1.00316,1
525426,0.989352,0.999719,1.00316,1
525447,0.989352,0.999719,1.00316,1
525467,1.00287,0.991285,1.00789,1
525487,1.00287,0.991285,1.00789,1
525507,1.00318,1.01287,1.00598,1
525528,1.00318,1.01287,1.00598,1
525548,1.00318,1.01287,1.00598,1
525568,0.988914,0.988849,1.00787,1
525589,0.988914,0.988849,1.00787,1
525609,1.01491,0.963889,0.999692,1
525630,1.01491,0.963889,0.999692,1
525650,1.00162,1.01324,1.00035,1
525670,1.00162,1.01324,1.00035,1
525690,1.00162,1.01324,1.00035,1
525711,0.988173,1.01647,1.00311,1
525731,0.988173,1.01647,1.00311,1
525751,0.996487,1.01513,1.01689,1
525772,0.996487,1.01513,1.01689,1
525792,0.996487,1.01513,1.01689,1
525813,0.978704,0.991189,0.988071,1
525833,0.978704,0.991189,0.988071,1
525853,1.01475,0.992972,1.01323,1
525873,1.01475,0.992972,1.01323,1
525894,1.01475,0.992972,1.01323,1
525914,1.00783,1.00963,0.989881,1
525935,1.00783,1.00963,0.989881,1
525955,0.996315,1.00411,1.00087,1
525975,0.996315,1.00411,1.00087,1
525995,0.996315,1.00411,1.00087,1
526016,1.00394,0.996911,0.995647,1
526036,1.00394,0.996911,0.995647,1
526056,0.981549,1.00326,1.01538,1
526076,0.981549,1.00326,1.01538,1
526097,0.981549,1.00326,1.01538,1
526117,1.00187,1.00692,0.998512,1
526137,1.00187,1.00692,0.998512,1
526158,1.0065,0.990502,1.00723,1
526178,1.0065,0.990502,1.00723,1
526198,1.0065,0.990502,1.00723,1
526219,0.987202,0.996,0.996724,1
526239,0.987202,0.996,0.996724,1
526259,0.980194,1.01478,0.987824,1
526280,0.980194,1.01478,0.987824,1
526300,0.980194,1.01478,0.987824,1
526320,0.995399,0.994051,0.989529,1
526340,0.995399,0.994051,0.989529,1
526361,0.996467,1.00475,1.01048,1
526381,0.996467,1.00475,1.01048,1
526401,1.02435,0.994523,0.977617,1
526422,1.02435,0.994523,0.977617,1
526442,1.02435,0.994523,0.977617,1
526462,0.995628,1.00436,0.986239,1
526483,0.995628,1.00436,0.986239,1
526503,0.999589,0.996877,1.0099,1
526523,0.999589,0.996877,1.0099,1
526544,0.999589,0.996877,1.0099,1
526564,0.998687,1.00723,0.981021,1
526584,0.998687,1.00723,0.981021,1
526604,1.00498,0.998318,1.00242,1
526625,1.00498,0.998318,1.00242,1
526645,1.00498,0.998318,1.00242,1
526665,1.00598,1.02651,0.994097,1
526685,1.00598,1.02651,0.994097,1
526706,0.987399,0.982272,1.01012,1
526726,0.987399,0.982272,1.01012,1
526747,0.987399,0.982272,1.01012,1
526767,0.986152,1.00014,0.99745,1
526787,0.986152,1.00014,0.99745,1
526807,1.00864,0.998926,1.00468,1
526828,1.00864,0.998926,1.00468,1
526848,1.00864,0.998926,1.00468,1
526868,1.00419,1.00473,0.992293,1
526889,1.00419,1.00473,0.992293,1
526909,1.01184,0.987468,1.00545,1
526929,1.01184,0.987468,1.00545,1
526950,1.01184,0.987468,1.00545,1
526970,1.01312,0.999054,0.989139,1
526990,1.01312,0.999054,0.989139,1
527011,0.994399,0.993973,0.998984,1
527031,0.994399,0.993973,0.998984,1
527051,0.994399,0.993973,0.998984,1
527072,1.00558,1.00635,1.00477,1
527092,1.00558,1.00635,1.00477,1
527112,1.02254,0.994082,1.00221,1
527133,1.02254,0.994082,1.00221,1
527153,0.992627,1.01296,1.01208,1
527173,0.992627,1.01296,1.01208,1
527194,0.992627,1.01296,1.01208,1
527214,0.99252,1.00456,0.988884,1
527234,0.99252,1.00456,0.988884,1
527255,0.98388,0.998565,1.00948,1
527275,0.98388,0.998565,1.00948,1
527295,0.98388,0.998565,1.00948,1
527315,1.01822,0.992983,0.995222,1
527336,1.01822,0.992983,0.995222,1
527356,1.01096,0.996598,0.99736,1
527376,1.01096,0.996598,0.99736,1
527397,1.01096,0.996598,0.99736,1
527417,0.998035,0.996464,1.00861,1
527437,0.998035,0.996464,1.00861,1
527458,0.99386,1.00041,1.00209,1
527478,0.99386,1.00041,1.00209,1
527498,0.99386,1.00041,1.00209,1
527519,1.01354,1.02657,0.990463,1
527539,1.01354,1.02657,0.990463,1
527560,1.01853,0.999658,1.02308,1
527580,1.01853,0.999658,1.02308,1
527600,1.01853,0.999658,1.02308,1
527620,0.996661,1.00999,1.00868,1
527641,0.996661,1.00999,1.00868,1
527661,0.98918,1.00215,0.993465,1
527681,0.98918,1.00215,0.993465,1
527702,0.98918,1.00215,0.993465,1
527722,1.00845,0.999716,0.9941,1
527742,1.00845,0.999716,0.9941,1
527763,0.992734,0.993654,0.986352,1
527783,0.992734,0.993654,0.986352,1
527803,0.992734,0.993654,0.986352,1
527824,0.993444,1.00044,1.0086,1
527844,0.993444,1.00044,1.0086,1
527864,1.01205,0.997195,1.01008,1
527885,1.01205,0.997195,1.01008,1
527905,1.01205,0.997195,1.01008,1
527925,1.00211,0.989037,0.989495,1
527946,1.00211,0.989037,0.989495,1
527966,1.00442,1.00309,0.99837,1
527986,1.00442,1.00309,0.99837,1
528007,0.995267,1.00169,0.987213,1
528027,0.995267,1.00169,0.987213,1
528047,0.995267,1.00169,0.987213,1
528068,0.99453,0.996911,1.01662,1
528088,0.99453,0.996911,1.01662,1
528108,1.01589,0.993745,1.01027,1
528129,1.01589,0.993745,1.01027,1
528149,1.01589,0.993745,1.01027,1
528169,0.993373,1.00028,0.987492,1
528190,0.993373,1.00028,0.987492,1
528210,1.0104,1.00817,0.987646,1
528230,1.0104,1.00817,0.987646,1
528251,1.0104,1.00817,0.987646,1
528271,1.00515,1.00502,0.988614,1
528291,1.00515,1.00502,0.988614,1
528312,0.991851,1.01212,0.992738,1
528332,0.991851,1.01212,0.992738,1
528352,0.991851,1.01212,0.992738,1
528373,1.01888,1.00156,0.994446,1
528393,1.01888,1.00156,0.994446,1
528413,0.983651,1.00758,0.99673,1
528434,0.983651,1.00758,0.99673,1
528454,0.983651,1.00758,0.99673,1
528474,0.991756,1.01238,1.00394,1
528495,0.991756,1.01238,1.00394,1
528515,0.994732,1.00502,0.987566,1
528536,0.994732,1.00502,0.987566,1
528556,0.994732,1.00502,0.987566,1
528576,1.00795,0.99823,1.01203,1
528596,1.00795,0.99823,1.01203,1
528617,0.991248,0.98672,0.992943,1
528637,0.991248,0.98672,0.992943,1
528658,1.00391,0.98532,1.0141,1
528678,1.00391,0.98532,1.0141,1
528698,1.00391,0.98532,1.0141,1
528719,0.995879,0.998708,1.00251,1
528739,0.995879,0.998708,1.00251,1
528763,0.994333,1.0026,1.0052,1
528808,0.990242,1.00644,0.984537,1
528858,0,0,0,0
531938,0,0,0,0
531958,0,0,0,0
531979,0,0,0,0
531999,0,0,0,0
532019,0,0,0,0
532040,0,0,0,0
532060,0,0,0,0
532080,0,0,0,0
532100,0,0,0,0
532121,0,0,0,0
532141,0,0,0,0
532161,0,0,0,0
532181,0,0,0,0
532202,0,0,0,0
532222,0,0,0,0
532242,0,0,0,0
532262,0,0,0,0
532283,0,0,0,0
532303,0,0,0,0
532323,0,0,0,0
532344,0,0,0,0
532364,0,0,0,0
532384,0,0,0,0
532404,0,0,0,0
532425,0,0,0,0
532445,0,0,0,0
532465,0,0,0,0
532485,0,0,0,0
532506,0,0,0,0
532526,0,0,0,0
532546,0,0,0,0
532567,0,0,0,0
532587,0,0,0,0
532608,0,0,0,0
532628,0,0,0,0
532648,0,0,0,0
532669,0,0,0,0
532689,0,0,0,0
532709,0,0,0,0
532730,0,0,0,0
532750,0,0,0,0
532770,0,0,0,0
532791,0,0,0,0
532811,0,0,0,0
532831,0,0,0,0
532852,0,0,0,0
532872,0,0,0,0
532893,0,0,0,0
532913,0,0,0,0
532933,0,0,0,0
532954,0,0,0,0
532974,0,0,0,0
532994,0,0,0,0
533015,0,0,0,0
533035,0,0,0,0
533055,0,0,0,0
533076,0,0,0,0
533096,0,0,0,0
533116,0,0,0,0
533137,0,0,0,0
533157,0,0,0,0
533178,0,0,0,0
533198,0,0,0,0
533218,0,0,0,0
533238,0,0,0,0
533259,0,0,0,0
533279,0,0,0,0
533300,0,0,0,0
533320,0,0,0,0
533340,0,0,0,0
533361,0,0,0,0
533381,0,0,0,0
533402,0,0,0,0
533422,0,0,0,0
533442,0,0,0,0
533463,0,0,0,0
533483,0,0,0,0
533504,0,0,0,0
533524,0,0,0,0
533544,0,0,0,0
533565,0,0,0,0
533585,0,0,0,0
533605,0,0,0,0
533626,0,0,0,0
533646,0,0,0,0
533666,0,0,0,0
533687,0,0,0,0
533707,0,0,0,0
533728,0,0,0,0
533748,0,0,0,0
533769,0,0,0,0
533789,0,0,0,0
533809,0,0,0,0
533830,0,0,0,0
533850,0,0,0,0
533871,0,0,0,0
533891,0,0,0,0
533912,0,0,0,0
533933,0,0,0,0
533953,0,0,0,0
533974,0,0,0,0
533994,0,0,0,0
534014,0,0,0,0
534035,0,0,0,0
534055,0,0,0,0
534076,0,0,0,0
534096,0,0,0,0
534116,0,0,0,0
534137,0,0,0,0
534157,0,0,0,0
534178,0,0,0,0
534198,0,0,0,0
534219,0,0,0,0
534239,0,0,0,0
534259,0,0,0,0
534280,0,0,0,0
534300,0,0,0,0
534321,0,0,0,0
534341,0,0,0,0
534361,0,0,0,0
534382,0,0,0,0
534402,0,0,0,0
534423,0,0,0,0
534443,0,0,0,0
534463,0,0,0,0
534484,0,0,0,0
534504,0,0,0,0
534525,0,0,0,0
534545,0,0,0,0
534566,0,0,0,0
534586,0,0,0,0
534606,0,0,0,0
534627,0,0,0,0
534647,0,0,0,0
534668,0,0,0,0
534688,0,0,0,0
534709,0,0,0,0
534729,0,0,0,0
534750,0,0,0,0
534770,0,0,0,0
534790,0,0,0,0
534811,0,0,0,0
534831,0,0,0,0
534852,0,0,0,0
534872,0,0,0,0
534893,0,0,0,0
534913,0,0,0,0
534934,0,0,0,0
534954,0,0,0,0
534975,0,0,0,0
534995,0,0,0,0
535015,0,0,0,0
535036,0,0,0,0
535056,0,0,0,0
535076,0,0,0,0
535097,0,0,0,0
535117,0,0,0,0
535138,0,0,0,0
535158,0,0,0,0
535178,0,0,0,0
535199,0,0,0,0
535219,0,0,0,0
535240,0,0,0,0
535260,0,0,0,0
535281,0,0,0,0
535301,0,0,0,0
535322,0,0,0,0
535342,0,0,0,0
535362,0,0,0,0
535383,0,0,0,0
535403,0,0,0,0
535424,0,0,0,0
535444,0,0,0,0
535465,0,0,0,0
535485,0,0,0,0
535506,0,0,0,0
535526,0,0,0,0
535547,0,0,0,0
535567,0,0,0,0
535588,0,0,0,0
535608,0,0,0,0
535628,0,0,0,0
535649,0,0,0,0
535669,0,0,0,0
535690,0,0,0,0
535710,0,0,0,0
535731,0,0,0,0
535751,0,0,0,0
535772,0,0,0,0
535792,0,0,0,0
535813,0,0,0,0
535833,0,0,0,0
535854,0,0,0,0
535874,0,0,0,0
535895,0,0,0,0
535915,0,0,0,0
535935,0,0,0,0
535955,0,0,0,0
535975,0,0,0,0
535995,0,0,0,0
536016,0,0,0,0
536036,0,0,0,0
536056,0,0,0,0
536076,0,0,0,0
536096,0,0,0,0
536116,0,0,0,0
536137,0,0,0,0
536157,0,0,0,0
536177,0,0,0,0
536197,0,0,0,0
536217,0,0,0,0
536238,0,0,0,0
536258,0,0,0,0
536278,0,0,0,0
536298,0,0,0,0
536319,0,0,0,0
536339,0,0,0,0
536359,0,0,0,0
536380,0,0,0,0
536400,0,0,0,0
536420,0,0,0,0
536440,0,0,0,0
536461,0,0,0,0
536481,0,0,0,0
536502,0,0,0,0
536522,0,0,0,0
536543,0,0,0,0
536563,0,0,0,0
536584,0,0,0,0
536604,0,0,0,0
536625,0,0,0,0
536645,0,0,0,0
536666,0,0,0,0
536686,0,0,0,0
536707,0,0,0,0
536727,0,0,0,0
536748,0,0,0,0
536768,0,0,0,0
536789,0,0,0,0
536809,0,0,0,0
536830,0,0,0,0
536850,0,0,0,0
536871,0,0,0,0
536891,0,0,0,0
536912,0,0,0,0
536932,0,0,0,0
536955,0.997329,0.985015,0.99759,1
537040,0,0,0,0
