timestamp,attitude_rate_x,attitude_rate_y,attitude_rate_z,valid
473540,0.65692,0.666663,0.672846,1
473561,0.671014,0.664152,0.665044,1
473581,0.66569,0.662544,0.66376,1
473601,0.672832,0.668643,0.67462,1
473621,0.669292,0.667288,0.664206,1
473642,0.668869,0.658112,0.663949,1
473662,0.669809,0.672364,0.672196,1
473682,0.668381,0.66973,0.668867,1
473703,0.671566,0.66194,0.665827,1
473723,0.670623,0.669315,0.67059,1
473743,0.667048,0.659838,0.668583,1
473763,0.67275,0.673987,0.675164,1
473784,0.670747,0.661367,0.667452,1
473804,0.666501,0.661657,0.666653,1
473824,0.675247,0.665299,0.674092,1
473845,0.67288,0.67276,0.668487,1
473865,0.660441,0.672606,0.65927,1
473885,0.671008,0.667829,0.655257,1
473906,0.662939,0.663629,0.662851,1
473926,0.6665,0.661176,0.655768,1
473946,0.673069,0.665843,0.658517,1
473967,0.673452,0.658266,0.671008,1
473987,0.669568,0.67564,0.665248,1
474007,0.6648,0.66049,0.674885,1
474028,0.662185,0.661913,0.663085,1
474048,0.675826,0.668786,0.662039,1
474068,0.66948,0.666318,0.671335,1
474089,0.664229,0.671842,0.670277,1
474109,0.664882,0.66788,0.654393,1
474129,0.666931,0.668143,0.659642,1
474150,0.667533,0.672303,0.667773,1
474170,0.669107,0.656205,0.673029,1
474190,0.674196,0.669905,0.667942,1
474211,0.669683,0.672221,0.665152,1
474231,0.658987,0.672706,0.651934,1
474251,0.660236,0.668342,0.661654,1
474271,0.667985,0.666055,0.671513,1
474292,0.665095,0.671376,0.671499,1
474312,0.661108,0.673895,0.669901,1
474333,0.66729,0.66175,0.666671,1
474353,0.663293,0.670521,0.662163,1
474373,0.668193,0.682391,0.682914,1
474394,0.674653,0.669723,0.672728,1
474414,0.666826,0.676839,0.660451,1
474434,0.671882,0.665444,0.668538,1
474455,0.660225,0.663239,0.674007,1
474475,0.669525,0.67665,0.657916,1
474495,0.668173,0.66809,0.666214,1
474516,0.659332,0.665797,0.658723,1
474536,0.666851,0.663759,0.672257,1
474556,0.669049,0.670031,0.662174,1
474576,0.672799,0.664433,0.665676,1
474597,0.669879,0.663943,0.662268,1
474617,0.669945,0.666855,0.670587,1
474637,0.673955,0.660503,0.67495,1
474658,0.662099,0.665065,0.674551,1
474678,0.659373,0.674382,0.665744,1
474698,0.664932,0.665697,0.668732,1
474719,0.657425,0.673852,0.666956,1
474739,0.665568,0.661947,0.6605,1
474759,0.667248,0.670617,0.662803,1
474780,0.683484,0.655202,0.666967,1
474800,0.669941,0.665198,0.67154,1
474820,0.65802,0.670046,0.664797,1
474840,0.658847,0.668555,0.668031,1
474861,0.680076,0.657808,0.654162,1
474881,0.664886,0.672686,0.658216,1
474901,0.673908,0.667186,0.669537,1
474922,0.667466,0.663302,0.654753,1
474942,0.660881,0.657146,0.670263,1
474962,0.668617,0.663717,0.665488,1
474983,0.661153,0.671994,0.658131,1
475003,0.667232,0.660232,0.666774,1
475023,0.663529,0.663302,0.661377,1
475044,0.666781,0.66988,0.655317,1
475064,0.670764,0.666287,0.66284,1
475084,0.660387,0.665735,0.66456,1
475105,0.665969,0.667999,0.667453,1
475125,0.665749,0.668471,0.671352,1
475145,0.665956,0.661586,0.666477,1
475166,0.663802,0.662216,0.663125,1
475186,0.668855,0.662516,0.66798,1
475206,0.665667,0.665834,0.671942,1
475227,0.663426,0.669991,0.670186,1
475247,0.65936,0.669314,0.669046,1
475267,0.660549,0.667571,0.665461,1
475288,0.666533,0.66574,0.658923,1
475308,0.660592,0.664655,0.663733,1
475329,0.677251,0.664478,0.665501,1
475349,0.671531,0.660999,0.665609,1
475369,0.671762,0.663044,0.665889,1
475390,0.662674,0.657746,0.671938,1
475410,0.664315,0.668351,0.668505,1
475430,0.662026,0.669872,0.667084,1
475451,0.664843,0.665175,0.664909,1
475471,0.668905,0.670898,0.676538,1
475492,0.671216,0.675462,0.667458,1
475512,0.672024,0.668861,0.653243,1
475532,0.66981,0.672604,0.672298,1
475553,0.649207,0.675039,0.667926,1
475573,0.663055,0.674335,0.666786,1
475594,0.664304,0.670567,0.668203,1
475614,0.669496,0.667451,0.663397,1
475634,0.669571,0.669892,0.666128,1
475655,0.665741,0.67088,0.670574,1
475675,0.673045,0.65237,0.667978,1
475695,0.664359,0.677878,0.676816,1
475716,0.661602,0.664921,0.653365,1
475736,0.672448,0.667579,0.671143,1
475756,0.66934,0.674479,0.655727,1
475777,0.661935,0.675937,0.670193,1
475797,0.669697,0.661502,0.671941,1
475817,0.673889,0.661748,0.674803,1
475838,0.673298,0.65543,0.656319,1
475858,0.673453,0.66567,0.654493,1
475878,0.661809,0.666082,0.669686,1
475899,0.667572,0.662007,0.666698,1
475919,0.664127,0.669826,0.674912,1
475939,0.660581,0.669243,0.668065,1
475960,0.669183,0.662964,0.669523,1
475980,0.671107,0.662711,0.669164,1
476001,0.664005,0.679927,0.664668,1
476021,0.669335,0.669785,0.664499,1
476041,0.66401,0.669605,0.660528,1
476062,0.670674,0.660121,0.658084,1
476082,0.66436,0.672795,0.658641,1
476102,0.660341,0.666715,0.661269,1
476123,0.66442,0.665987,0.659341,1
476143,0.665127,0.672576,0.663641,1
476164,0.66673,0.666077,0.660714,1
476184,0.660775,0.664143,0.666647,1
476204,0.66359,0.663724,0.66429,1
476225,0.676487,0.665824,0.67115,1
476245,0.665676,0.667034,0.665246,1
476265,0.671052,0.666081,0.666216,1
476286,0.665424,0.672295,0.672505,1
476306,0.669584,0.664048,0.661063,1
476327,0.665335,0.676494,0.652947,1
476347,0.664538,0.66114,0.659833,1
476368,0.667623,0.672295,0.675174,1
476388,0.664035,0.676414,0.67396,1
476408,0.666413,0.664265,0.67211,1
476429,0.666742,0.670091,0.670545,1
476449,0.669982,0.662812,0.668074,1
476470,0.668716,0.675152,0.668395,1
476490,0.666204,0.66468,0.667477,1
476511,0.675072,0.664359,0.658313,1
476531,0.666334,0.663441,0.66594,1
476552,0.664304,0.664199,0.662599,1
476572,0.665807,0.664424,0.66829,1
476592,0.663277,0.669,0.661467,1
476613,0.665197,0.666869,0.661505,1
476633,0.666618,0.663101,0.670157,1
476654,0.664892,0.667964,0.676849,1
476674,0.666486,0.662826,0.662225,1
476695,0.662843,0.66758,0.670361,1
476715,0.663299,0.666699,0.655246,1
476735,0.658964,0.663452,0.672757,1
476756,0.673762,0.68415,0.667664,1
476776,0.671165,0.672283,0.655948,1
476797,0.661054,0.661441,0.656558,1
476817,0.666349,0.674966,0.669088,1
476838,0.664593,0.669675,0.668876,1
476858,0.664425,0.656861,0.670558,1
476879,0.664981,0.674416,0.675521,1
476899,0.658174,0.670874,0.668589,1
476920,0.661587,0.674982,0.666134,1
476940,0.661793,0.666241,0.666435,1
476960,0.669657,0.676277,0.659405,1
476981,0.65784,0.660209,0.668014,1
477001,0.670573,0.672707,0.669031,1
477022,0.669355,0.665787,0.670201,1
477042,0.665211,0.660291,0.668188,1
477062,0.673531,0.656959,0.66779,1
477083,0.666378,0.661937,0.666103,1
477103,0.662436,0.661712,0.662835,1
477123,0.667126,0.665441,0.661047,1
477144,0.670393,0.660229,0.65679,1
477164,0.64747,0.666777,0.670162,1
477185,0.662386,0.670679,0.661339,1
477205,0.662761,0.670011,0.667105,1
477226,0.662508,0.664108,0.663012,1
477246,0.664772,0.664858,0.673102,1
477267,0.667901,0.670262,0.668911,1
477287,0.664653,0.657904,0.669373,1
477308,0.661087,0.659934,0.670767,1
477328,0.667967,0.670941,0.669681,1
477349,0.664012,0.670605,0.66138,1
477369,0.675713,0.667152,0.671842,1
477390,0.670519,0.667751,0.673738,1
477410,0.67033,0.669505,0.657019,1
477430,0.673182,0.667411,0.66381,1
477451,0.668547,0.666266,0.660259,1
477471,0.66884,0.663442,0.660031,1
477492,0.66167,0.665987,0.66512,1
477512,0.658835,0.66217,0.674092,1
477533,0.665714,0.674809,0.667955,1
477553,0.671889,0.670521,0.668264,1
477574,0.669528,0.666053,0.665664,1
477594,0.661734,0.66105,0.67184,1
477615,0.66567,0.665384,0.660681,1
477635,0.659577,0.680346,0.669565,1
477656,0.665447,0.663485,0.663871,1
477676,0.674143,0.670642,0.674907,1
477696,0.671487,0.670635,0.668862,1
477717,0.667713,0.664138,0.667586,1
477737,0.671925,0.660664,0.670582,1
477758,0.660409,0.665256,0.666774,1
477778,0.662475,0.663479,0.661876,1
477799,0.664153,0.675898,0.671768,1
477819,0.663708,0.667569,0.668085,1
477839,0.677799,0.669593,0.676377,1
477860,0.668515,0.666456,0.668064,1
477880,0.665903,0.668846,0.658912,1
477901,0.680371,0.681341,0.673927,1
477921,0.668128,0.669252,0.65353,1
477942,0.656323,0.670271,0.666166,1
477962,0.66933,0.670978,0.663502,1
477983,0.660858,0.672707,0.663297,1
478003,0.661343,0.672145,0.660046,1
478024,0.665346,0.664426,0.670503,1
478044,0.667959,0.655823,0.666335,1
478065,0.671006,0.664878,0.67738,1
478085,0.66018,0.66217,0.667326,1
478106,0.663791,0.666742,0.65833,1
478126,0.671998,0.663746,0.664704,1
478147,0.678731,0.667947,0.668426,1
478167,0.658865,0.669663,0.670735,1
478188,0.678872,0.653145,0.661849,1
478208,0.663446,0.666388,0.670421,1
478229,0.661163,0.663035,0.659002,1
478249,0.67706,0.666795,0.667006,1
478269,0.668669,0.660756,0.658632,1
478290,0.663465,0.662766,0.666206,1
478310,0.665105,0.669791,0.665715,1
478331,0.663686,0.662314,0.663554,1
478351,0.674298,0.661513,0.676183,1
478372,0.670061,0.6632,0.671182,1
478392,0.665411,0.662586,0.663552,1
478413,0.660105,0.673887,0.668895,1
478433,0.661608,0.673262,0.660479,1
478454,0.666372,0.663286,0.662504,1
478474,0.664004,0.66552,0.671281,1
478495,0.661477,0.663797,0.665406,1
478515,0.67156,0.65878,0.661435,1
478536,0.661449,0.666275,0.667506,1
478556,0.66406,0.66813,0.670758,1
478577,0.658373,0.660605,0.662025,1
478597,0.662753,0.668256,0.664867,1
478618,0.6657,0.670338,0.661538,1
478638,0.687177,0.67246,0.665242,1
478659,0.671982,0.662622,0.678382,1
478679,0.665515,0.65926,0.66525,1
478700,0.657813,0.662837,0.660765,1
478720,0.67489,0.667331,0.663346,1
478741,0.663367,0.660206,0.653864,1
478761,0.66914,0.66719,0.676432,1
478782,0.673904,0.668377,0.658125,1
478802,0.67802,0.667322,0.670171,1
478823,0.669048,0.661794,0.661035,1
478843,0.67083,0.657369,0.678286,1
478907,0,0,0,0
478957,0,0,0,0
480924,0.669815,0.665696,0.662371,1
480944,0.67262,0.676039,0.668945,1
480964,0.669013,0.67004,0.667332,1
480984,0.66856,0.669501,0.665995,1
481005,0.668765,0.667356,0.664269,1
481025,0.670567,0.664945,0.671991,1
481045,0.657494,0.667032,0.662159,1
481066,0.664921,0.672492,0.671654,1
481086,0.665162,0.666214,0.669833,1
481106,0.669843,0.669903,0.656961,1
481126,0.654634,0.655399,0.65228,1
481147,0.659561,0.667527,0.65858,1
481167,0.669595,0.665191,0.66121,1
481187,0.670274,0.672573,0.664019,1
481208,0.675019,0.671638,0.674811,1
481228,0.666037,0.665125,0.664536,1
481248,0.670311,0.661765,0.666291,1
481269,0.672197,0.662269,0.664401,1
481289,0.66456,0.657219,0.667436,1
481309,0.662907,0.661466,0.669878,1
481329,0.661764,0.668879,0.66385,1
481350,0.654992,0.673377,0.664756,1
481370,0.664988,0.669984,0.664982,1
481390,0.669313,0.664181,0.668275,1
481411,0.663836,0.671442,0.663074,1
481431,0.670501,0.665305,0.673156,1
481451,0.668888,0.675604,0.676029,1
481472,0.663641,0.660471,0.668195,1
481492,0.655384,0.656548,0.668724,1
481512,0.669377,0.669123,0.669327,1
481533,0.663473,0.666961,0.668557,1
481553,0.676177,0.661685,0.673309,1
481573,0.660701,0.658475,0.66251,1
481594,0.664373,0.668798,0.660259,1
481614,0.661751,0.665249,0.665821,1
481634,0.675357,0.664563,0.672224,1
481655,0.664358,0.673025,0.674832,1
481675,0.664041,0.662087,0.670609,1
481695,0.665043,0.671119,0.655707,1
481716,0.672396,0.677429,0.673324,1
481736,0.673132,0.673115,0.671491,1
481756,0.667441,0.663209,0.665993,1
481777,0.66952,0.660907,0.662192,1
481797,0.663137,0.675877,0.66996,1
481817,0.676536,0.665458,0.668795,1
481838,0.66317,0.663359,0.660959,1
481858,0.668474,0.662027,0.674217,1
481878,0.668653,0.660614,0.672398,1
481899,0.668664,0.668018,0.654202,1
481919,0.664484,0.662556,0.671185,1
481939,0.661124,0.667784,0.667806,1
481960,0.664951,0.669716,0.664839,1
481980,0.664904,0.66539,0.661074,1
482000,0.661622,0.675322,0.659985,1
482020,0.671887,0.678253,0.66719,1
482041,0.667669,0.668931,0.672255,1
482061,0.65868,0.667881,0.673965,1
482081,0.672777,0.665812,0.666986,1
482102,0.673012,0.661988,0.670604,1
482122,0.670002,0.662688,0.659819,1
482143,0.663765,0.668732,0.660024,1
482163,0.665393,0.675444,0.666975,1
482183,0.662767,0.660456,0.662193,1
482204,0.670713,0.657863,0.66717,1
482224,0.667261,0.667076,0.663719,1
482244,0.667343,0.659963,0.668414,1
482265,0.662915,0.670641,0.669706,1
482285,0.676807,0.668601,0.671753,1
482306,0.664652,0.663424,0.671363,1
482326,0.668276,0.664824,0.671442,1
482346,0.658055,0.66332,0.665474,1
482367,0.666469,0.656631,0.669176,1
482387,0.667144,0.67331,0.670708,1
482407,0.662769,0.670039,0.672897,1
482428,0.658735,0.659133,0.664806,1
482448,0.668511,0.663279,0.659662,1
482468,0.675915,0.660052,0.669671,1
482489,0.668269,0.666797,0.669448,1
482509,0.661254,0.672244,0.662796,1
482529,0.659949,0.669696,0.666317,1
482550,0.660623,0.663347,0.668863,1
482570,0.674762,0.66749,0.659952,1
482590,0.671461,0.66574,0.670026,1
482611,0.664026,0.662263,0.661181,1
482631,0.662884,0.669692,0.666715,1
482651,0.676385,0.664298,0.668159,1
482672,0.661579,0.668482,0.667104,1
482692,0.667963,0.65896,0.666668,1
482712,0.676341,0.665541,0.666741,1
482733,0.671362,0.664158,0.666852,1
482753,0.675451,0.66617,0.66774,1
482773,0.662831,0.656132,0.665566,1
482794,0.667213,0.669216,0.659968,1
482814,0.667538,0.667787,0.666598,1
482835,0.667067,0.667165,0.670682,1
482855,0.671357,0.66599,0.660164,1
482875,0.674095,0.659673,0.663105,1
482896,0.662792,0.658374,0.666525,1
482916,0.669582,0.658604,0.665497,1
482936,0.67401,0.663101,0.660953,1
482957,0.677098,0.669566,0.669305,1
482977,0.668095,0.666297,0.670376,1
482998,0.659446,0.668412,0.665226,1
483018,0.670383,0.666343,0.676067,1
483038,0.675032,0.662688,0.669818,1
483059,0.666517,0.6611,0.667667,1
483079,0.672718,0.665856,0.663021,1
483100,0.682463,0.66443,0.665728,1
483120,0.667248,0.667131,0.661899,1
483140,0.661671,0.668164,0.670213,1
483161,0.673241,0.666725,0.660987,1
483181,0.673632,0.665774,0.668354,1
483202,0.662445,0.670134,0.669535,1
483222,0.665697,0.673681,0.669954,1
483242,0.667871,0.659472,0.667032,1
483263,0.673943,0.673334,0.662965,1
483283,0.665619,0.662146,0.671029,1
483304,0.663103,0.673856,0.670856,1
483324,0.663169,0.682687,0.663954,1
483344,0.669244,0.662385,0.678107,1
483365,0.663184,0.665679,0.662329,1
483385,0.667998,0.668745,0.669723,1
483406,0.668047,0.667193,0.666208,1
483426,0.67492,0.671709,0.66182,1
483447,0.668964,0.666657,0.659039,1
483467,0.669267,0.6622,0.663243,1
483487,0.66433,0.663848,0.663801,1
483508,0.676,0.664915,0.661511,1
483528,0.668665,0.670725,0.6621,1
483549,0.663808,0.673243,0.669101,1
483569,0.66788,0.663527,0.654965,1
483589,0.666195,0.664453,0.670846,1
483609,0.660832,0.6646,0.662649,1
483630,0.677654,0.670916,0.67021,1
483650,0.664775,0.661456,0.660747,1
483671,0.672799,0.660883,0.680317,1
483691,0.671554,0.678225,0.66161,1
483712,0.664022,0.669067,0.666751,1
483732,0.66898,0.673532,0.659815,1
483752,0.668948,0.670628,0.675735,1
483773,0.673974,0.667485,0.665505,1
483793,0.665655,0.663548,0.66044,1
483814,0.661718,0.664493,0.663299,1
483834,0.670183,0.666328,0.663919,1
483855,0.666146,0.666822,0.669173,1
483875,0.670349,0.666169,0.670706,1
483896,0.669968,0.6703,0.674198,1
483916,0.675461,0.658608,0.669387,1
483936,0.663499,0.662481,0.657227,1
483957,0.665565,0.665775,0.66499,1
483977,0.66252,0.653279,0.663147,1
483998,0.674613,0.674405,0.670789,1
484018,0.673288,0.665669,0.666453,1
484038,0.684146,0.661742,0.6701,1
484059,0.666494,0.6633,0.661896,1
484079,0.665118,0.666097,0.672289,1
484099,0.66323,0.66976,0.66919,1
484120,0.671513,0.6675,0.670089,1
484140,0.662096,0.666024,0.669827,1
484161,0.673337,0.671302,0.671972,1
484181,0.668742,0.667034,0.660713,1
484202,0.667165,0.663983,0.664943,1
484222,0.671338,0.662152,0.668451,1
484243,0.66456,0.658746,0.666679,1
484263,0.672504,0.671002,0.657875,1
484283,0.673245,0.659029,0.664673,1
484304,0.675728,0.664018,0.67595,1
484324,0.672046,0.664595,0.661237,1
484345,0.658905,0.671805,0.662506,1
484365,0.66554,0.672495,0.663811,1
484385,0.66105,0.671168,0.659638,1
484406,0.661829,0.667111,0.669982,1
484426,0.663367,0.659351,0.665657,1
484447,0.662042,0.660501,0.667707,1
484467,0.685145,0.658455,0.670529,1
484488,0.657793,0.670247,0.67285,1
484508,0.669225,0.665354,0.669497,1
484528,0.668467,0.681089,0.676933,1
484549,0.663529,0.665353,0.663068,1
484569,0.666977,0.672562,0.661472,1
484590,0.66816,0.66212,0.653521,1
484610,0.671461,0.665124,0.658424,1
484630,0.673656,0.669568,0.671179,1
484651,0.669115,0.668401,0.653766,1
484671,0.660789,0.667183,0.660937,1
484692,0.675337,0.673132,0.668751,1
484712,0.662501,0.665341,0.664893,1
484732,0.670163,0.67094,0.66987,1
484753,0.665239,0.664931,0.669061,1
484773,0.660979,0.661916,0.661991,1
484794,0.660874,0.662295,0.66283,1
484814,0.670202,0.667613,0.657684,1
484835,0.65718,0.671161,0.663916,1
484855,0.666875,0.67174,0.672271,1
484876,0.661779,0.672792,0.668498,1
484896,0.664317,0.669563,0.665524,1
484916,0.663884,0.678005,0.662695,1
484937,0.668634,0.673227,0.665895,1
484957,0.666431,0.671228,0.661606,1
484978,0.670194,0.661495,0.6712,1
484998,0.6678,0.666752,0.667482,1
485019,0.663563,0.666119,0.668823,1
485039,0.662742,0.673155,0.65972,1
485060,0.662399,0.668727,0.674015,1
485080,0.661545,0.668791,0.672675,1
485101,0.666978,0.672183,0.663262,1
485121,0.666661,0.667573,0.668054,1
485141,0.671484,0.664659,0.670584,1
485162,0.671192,0.66304,0.666699,1
485182,0.662659,0.662351,0.671355,1
485203,0.670342,0.664266,0.668684,1
485223,0.667443,0.670486,0.671399,1
485244,0.675071,0.67435,0.673285,1
485264,0.669834,0.665152,0.651436,1
485285,0.668602,0.659782,0.674759,1
485305,0.664884,0.667321,0.666217,1
485325,0.669257,0.667542,0.659748,1
485346,0.674939,0.669429,0.657068,1
485366,0.665413,0.670247,0.668358,1
485387,0.668822,0.672094,0.662039,1
485407,0.665801,0.665127,0.667843,1
485428,0.669821,0.672613,0.664245,1
485448,0.662823,0.662326,0.663203,1
485469,0.665111,0.66767,0.670174,1
485489,0.671376,0.666137,0.658556,1
485510,0.66073,0.662831,0.66735,1
485530,0.664414,0.665586,0.675465,1
485551,0.674607,0.660803,0.66415,1
485571,0.658658,0.669243,0.670148,1
485592,0.670807,0.668361,0.671653,1
485612,0.669298,0.66412,0.681799,1
485632,0.669565,0.669586,0.656797,1
485652,0.672033,0.666424,0.668417,1
485672,0.673312,0.661683,0.671717,1
485693,0.679416,0.669165,0.669412,1
485713,0.665557,0.667602,0.668697,1
485733,0.667991,0.66603,0.661062,1
485753,0.669329,0.666053,0.676512,1
485773,0.667105,0.669,0.661662,1
485794,0.661629,0.664439,0.661247,1
485814,0.665898,0.66999,0.667848,1
485834,0.666769,0.664913,0.666618,1
485854,0.674502,0.669423,0.66699,1
485875,0.668494,0.666123,0.671839,1
485895,0.669695,0.666908,0.665136,1
485915,0.663428,0.669743,0.670456,1
485935,0.669271,0.66661,0.672624,1
485955,0.670893,0.667316,0.663838,1
485976,0.664346,0.664879,0.67252,1
485996,0.669713,0.671879,0.675207,1
486017,0.668096,0.670007,0.666329,1
486037,0.670097,0.661238,0.665417,1
486058,0.671274,0.667201,0.661939,1
486078,0.671885,0.663353,0.671542,1
486099,0.666304,0.667279,0.65404,1
486119,0.664063,0.665969,0.663137,1
486139,0.670589,0.671533,0.659268,1
486159,0.659352,0.664075,0.66304,1
486180,0.669809,0.663249,0.670908,1
486200,0.656351,0.677756,0.664884,1
486221,0.670502,0.660721,0.669833,1
486241,0.669903,0.663794,0.664109,1
486262,0.660132,0.676268,0.667703,1
486282,0.673103,0.668448,0.673565,1
486303,0.656617,0.664754,0.664198,1
486323,0.658697,0.675242,0.66729,1
486343,0.67519,0.670556,0.670081,1
486364,0.672252,0.65851,0.667799,1
486384,0.658972,0.664948,0.662742,1
486404,0.662014,0.67537,0.668246,1
486425,0.660526,0.66578,0.670771,1
486445,0.672994,0.6579,0.663126,1
486466,0.665624,0.663167,0.664343,1
486486,0.668316,0.664645,0.665874,1
486507,0.661208,0.668905,0.670086,1
486527,0.660024,0.66554,0.665057,1
486548,0.670021,0.662777,0.676395,1
486568,0.654739,0.669623,0.667896,1
486589,0.666752,0.675311,0.668192,1
486609,0.663715,0.663457,0.666736,1
486630,0.656633,0.66176,0.660655,1
486650,0.668763,0.667799,0.676676,1
486671,0.665167,0.667454,0.661895,1
486691,0.65574,0.665803,0.67068,1
486712,0.665847,0.678674,0.665063,1
486732,0.667845,0.657581,0.664573,1
486753,0.668573,0.667367,0.667612,1
486774,0.666643,0.672808,0.672968,1
486794,0.659296,0.664263,0.667713,1
486815,0.672343,0.659994,0.67103,1
486835,0.666656,0.667458,0.667133,1
486856,0.668997,0.660818,0.665292,1
486876,0.664373,0.666421,0.668799,1
486897,0.667879,0.676859,0.665652,1
486917,0.664639,0.668586,0.669139,1
486938,0.661423,0.653632,0.669269,1
486958,0.67465,0.666217,0.661454,1
486978,0.672393,0.672631,0.668373,1
486998,0.660334,0.666779,0.677156,1
487019,0.656795,0.661281,0.667115,1
487039,0.667693,0.659392,0.662174,1
487059,0.664522,0.665136,0.669255,1
487079,0.667773,0.671011,0.668008,1
487099,0.663236,0.660906,0.66848,1
487120,0.661971,0.674913,0.663144,1
487140,0.675538,0.672699,0.666669,1
487160,0.675672,0.660877,0.660409,1
487181,0.657569,0.668127,0.663319,1
487201,0.673722,0.656997,0.65675,1
487221,0.663653,0.66522,0.663191,1
487241,0.67493,0.665551,0.666594,1
487261,0.664855,0.660743,0.665584,1
487282,0.666085,0.669018,0.661765,1
487302,0.665152,0.669899,0.664763,1
487322,0.659795,0.662822,0.666078,1
487343,0.670145,0.668629,0.663598,1
487363,0.664046,0.666431,0.678034,1
487383,0.668357,0.666859,0.671759,1
487404,0.670805,0.67521,0.667039,1
487424,0.663251,0.667927,0.668458,1
487444,0.658415,0.665844,0.668179,1
487464,0.667137,0.659202,0.671606,1
487484,0.66533,0.668357,0.672694,1
487504,0.670374,0.672519,0.664027,1
487525,0.658149,0.665745,0.670677,1
487545,0.670332,0.673989,0.665918,1
487565,0.663636,0.663657,0.671039,1
487586,0.676525,0.66605,0.666628,1
487606,0.669939,0.668284,0.659753,1
487626,0.666486,0.669882,0.662961,1
487646,0.681604,0.667291,0.665682,1
487667,0.66762,0.660812,0.667224,1
487687,0.660589,0.665771,0.67136,1
487707,0.669762,0.663989,0.663929,1
487728,0.672463,0.664101,0.671535,1
487748,0.667478,0.676292,0.666392,1
487769,0.668098,0.663877,0.661612,1
487789,0.661303,0.666725,0.666119,1
487810,0.665767,0.670406,0.680697,1
487831,0.665771,0.665269,0.663688,1
487851,0.661433,0.667452,0.665204,1
487871,0.669893,0.669179,0.666253,1
487892,0.662442,0.658474,0.662395,1
487912,0.659276,0.673666,0.669092,1
487933,0.665526,0.669768,0.670655,1
487953,0.670905,0.661042,0.665033,1
487974,0.671361,0.662953,0.669341,1
487995,0.664749,0.666917,0.666371,1
488015,0.665939,0.660982,0.65856,1
488036,0.667031,0.66449,0.670557,1
488056,0.667809,0.680404,0.660578,1
488077,0.663669,0.664001,0.671883,1
488098,0.668396,0.667379,0.658562,1
488118,0.670059,0.672703,0.666027,1
488139,0.665542,0.67237,0.682633,1
488159,0.668126,0.666954,0.669277,1
488180,0.668424,0.666984,0.669857,1
488201,0.674791,0.665176,0.670145,1
488221,0.666643,0.661955,0.661361,1
488242,0.672476,0.670555,0.662603,1
488262,0.662736,0.661595,0.659353,1
488283,0.658841,0.667027,0.676614,1
488304,0.671129,0.66684,0.675061,1
488324,0.661386,0.67053,0.669542,1
488345,0.666368,0.663138,0.661968,1
488366,0.663796,0.667864,0.66665,1
488386,0.666008,0.67822,0.666751,1
488407,0.667333,0.658197,0.670261,1
488427,0.67726,0.659869,0.661934,1
488448,0.659354,0.667654,0.661752,1
488469,0.660751,0.67154,0.65868,1
488489,0.670395,0.669794,0.666922,1
488510,0.671798,0.66558,0.668764,1
488531,0.676829,0.670905,0.666483,1
488551,0.672339,0.664607,0.665582,1
488572,0.665561,0.665449,0.661376,1
488592,0.65942,0.667795,0.673577,1
488613,0.669996,0.66697,0.658232,1
488633,0.661667,0.665144,0.67035,1
488653,0.672065,0.665028,0.66327,1
488674,0.661937,0.664306,0.660187,1
488695,0.662817,0.665095,0.660238,1
488715,0.670812,0.672384,0.667081,1
488736,0.666294,0.671499,0.672956,1
488757,0.670965,0.673697,0.666372,1
488777,0.664639,0.667731,0.667581,1
488798,0.672696,0.668053,0.666748,1
488818,0.662861,0.665261,0.666266,1
488839,0.671519,0.662627,0.665439,1
488860,0.667568,0.657389,0.661236,1
488880,0.671363,0.666628,0.667036,1
488901,0.66589,0.669436,0.666648,1
488922,0.672278,0.663472,0.67427,1
488942,0.664892,0.660578,0.664474,1
488963,0.660081,0.669153,0.663095,1
488984,0.668106,0.667445,0.664019,1
489004,0.668885,0.667338,0.670517,1
489025,0.668147,0.664919,0.657147,1
489045,0.665621,0.667369,0.669427,1
489066,0.660808,0.662983,0.675541,1
489087,0.666067,0.660955,0.671823,1
489107,0.66938,0.664853,0.6662,1
489127,0.668439,0.667715,0.664327,1
489148,0.660909,0.66869,0.672324,1
489168,0.671454,0.674336,0.662813,1
489189,0.664874,0.671165,0.678793,1
489210,0.668009,0.670131,0.66962,1
489230,0.669283,0.662046,0.675117,1
489251,0.671263,0.667165,0.660596,1
489271,0.655902,0.671249,0.668441,1
489292,0.664649,0.669877,0.669924,1
489313,0.66189,0.667587,0.662109,1
489333,0.670231,0.661263,0.671498,1
489354,0.669695,0.658071,0.670478,1
489375,0.669715,0.66405,0.667553,1
489395,0.655443,0.669524,0.664291,1
489416,0.662908,0.657851,0.666892,1
489437,0.668044,0.667406,0.661045,1
489457,0.660996,0.669204,0.669975,1
489478,0.656199,0.671466,0.661252,1
489499,0.667588,0.65791,0.670955,1
489519,0.677915,0.668111,0.661455,1
489540,0.660447,0.670206,0.666147,1
489561,0.673829,0.663391,0.670211,1
489581,0.671168,0.668743,0.67267,1
489602,0.667851,0.669634,0.658851,1
489623,0.665516,0.66573,0.665975,1
489643,0.662796,0.668215,0.669364,1
489664,0.665611,0.667747,0.664638,1
489684,0.663964,0.657147,0.671034,1
489705,0.664425,0.670899,0.671592,1
489725,0.66844,0.669488,0.657225,1
489746,0.666813,0.672859,0.662264,1
489767,0.671827,0.668011,0.667621,1
489787,0.665795,0.671303,0.666677,1
489808,0.665613,0.671497,0.666539,1
489829,0.66311,0.668704,0.672165,1
489849,0.664883,0.670733,0.659132,1
489870,0.667706,0.67016,0.667148,1
489891,0.667401,0.669286,0.673574,1
489911,0.667236,0.665921,0.664876,1
489932,0.67226,0.66454,0.668866,1
489953,0.67031,0.664764,0.660159,1
489973,0.667477,0.676783,0.667338,1
489994,0.668955,0.666158,0.661514,1
490015,0.66595,0.662769,0.663932,1
490035,0.668889,0.664425,0.662393,1
490056,0.670669,0.669713,0.66368,1
490077,0.659054,0.672323,0.662952,1
490097,0.66548,0.670416,0.669094,1
490118,0.668898,0.663395,0.67076,1
490138,0.66183,0.660797,0.661493,1
490158,0.667929,0.660399,0.669999,1
490179,0.665577,0.661094,0.670476,1
490200,0.670906,0.669992,0.674517,1
490221,0.66513,0.657456,0.670918,1
490241,0.67496,0.670719,0.664787,1
490262,0.673929,0.662123,0.665277,1
490283,0.664135,0.678765,0.663645,1
490303,0.667638,0.669182,0.665577,1
490324,0.67525,0.663645,0.663621,1
490345,0.661164,0.670318,0.668679,1
490365,0.66149,0.663966,0.672658,1
490386,0.665008,0.668054,0.659468,1
490407,0.658047,0.660035,0.663023,1
490427,0.66919,0.670472,0.666328,1
490448,0.670282,0.667339,0.674924,1
490469,0.663382,0.664852,0.665883,1
490490,0.664873,0.663758,0.668385,1
490510,0.667156,0.676207,0.672321,1
490530,0.657931,0.662583,0.670128,1
490551,0.67105,0.671144,0.658022,1
490571,0.668563,0.669219,0.661192,1
490592,0.660126,0.668157,0.662484,1
490612,0.662106,0.669626,0.670803,1
490633,0.665969,0.671593,0.672919,1
490653,0.672814,0.663594,0.66654,1
490674,0.668233,0.677361,0.661348,1
490695,0.668279,0.66134,0.660663,1
490715,0.668852,0.67074,0.661848,1
490736,0.672473,0.66828,0.667917,1
490757,0.662031,0.666409,0.669413,1
490777,0.666051,0.670194,0.66743,1
490798,0.665947,0.666354,0.666955,1
490819,0.664535,0.661233,0.664696,1
490840,0.656524,0.67212,0.670103,1
490860,0.67543,0.668116,0.668848,1
490881,0.670212,0.676578,0.668651,1
490902,0.662903,0.667389,0.665199,1
490922,0.673353,0.6692,0.667005,1
490943,0.666675,0.661328,0.670682,1
490964,0.659116,0.656683,0.67274,1
490985,0.661014,0.667346,0.665924,1
491005,0.664928,0.673131,0.671158,1
491026,0.66805,0.667325,0.668452,1
491047,0.678111,0.66023,0.665719,1
491067,0.662422,0.676138,0.663673,1
491088,0.6655,0.663454,0.6618,1
491109,0.669695,0.670663,0.66951,1
491129,0.664665,0.671897,0.662179,1
491150,0.666322,0.665464,0.667955,1
491170,0.661668,0.660701,0.669762,1
491191,0.673065,0.664235,0.666963,1
491211,0.664584,0.663092,0.66903,1
491232,0.663697,0.668543,0.66868,1
491253,0.668582,0.665054,0.667991,1
491273,0.661463,0.666883,0.664188,1
491294,0.663907,0.668718,0.668052,1
491315,0.667868,0.672001,0.666633,1
491336,0.672817,0.66472,0.669153,1
491356,0.667659,0.66894,0.670364,1
491377,0.670314,0.678821,0.667961,1
491398,0.666814,0.662212,0.666385,1
491418,0.666313,0.664105,0.665471,1
491438,0.666726,0.670039,0.665913,1
491459,0.666822,0.662871,0.665477,1
491479,0.664044,0.657907,0.666163,1
491500,0.651703,0.667233,0.664454,1
491520,0.663794,0.670348,0.668605,1
491541,0.666518,0.659921,0.66653,1
491562,0.674605,0.660356,0.668385,1
491582,0.66563,0.665925,0.6742,1
491603,0.667826,0.666308,0.665097,1
491624,0.665806,0.664814,0.663626,1
491645,0.667437,0.666342,0.664357,1
491665,0.673187,0.666278,0.672898,1
491686,0.665815,0.665734,0.662354,1
491707,0.66765,0.663187,0.66865,1
491727,0.669322,0.672113,0.669466,1
491748,0.660833,0.673796,0.656727,1
491768,0.6639,0.671726,0.677481,1
491788,0.662595,0.674897,0.662447,1
491809,0.664296,0.665143,0.668482,1
491830,0.667562,0.672959,0.67292,1
491851,0.665185,0.669288,0.663456,1
491871,0.664871,0.665037,0.665545,1
491892,0.662843,0.667533,0.669934,1
491912,0.663639,0.670502,0.665645,1
491955,0,0,0,0
492005,0,0,0,0
493288,0,0,0,0
493309,0,0,0,0
493329,0,0,0,0
493349,0,0,0,0
493369,0,0,0,0
493389,0,0,0,0
493410,0,0,0,0
493430,0,0,0,0
493450,0,0,0,0
493471,0,0,0,0
493491,0,0,0,0
493511,0,0,0,0
493532,0,0,0,0
493552,0,0,0,0
493572,0,0,0,0
493592,0,0,0,0
493613,0,0,0,0
493633,0,0,0,0
493653,0,0,0,0
493674,0,0,0,0
493694,0,0,0,0
493714,0,0,0,0
493735,0,0,0,0
493755,0,0,0,0
493775,0,0,0,0
493795,0,0,0,0
493816,0,0,0,0
493836,0,0,0,0
493856,0,0,0,0
493877,0,0,0,0
493897,0,0,0,0
493917,0,0,0,0
493938,0,0,0,0
493958,0,0,0,0
493978,0,0,0,0
493998,0,0,0,0
494019,0,0,0,0
494039,0,0,0,0
494059,0,0,0,0
494079,0,0,0,0
494100,0,0,0,0
494120,0,0,0,0
494140,0,0,0,0
494161,0,0,0,0
494181,0,0,0,0
494201,0,0,0,0
494221,0,0,0,0
494242,0,0,0,0
494262,0,0,0,0
494282,0,0,0,0
494302,0,0,0,0
494323,0,0,0,0
494343,0,0,0,0
494363,0,0,0,0
494383,0,0,0,0
494404,0,0,0,0
494424,0,0,0,0
494444,0,0,0,0
494464,0,0,0,0
494485,0,0,0,0
494505,0,0,0,0
494525,0,0,0,0
494546,0,0,0,0
494566,0,0,0,0
494586,0,0,0,0
494607,0,0,0,0
494627,0,0,0,0
494647,0,0,0,0
494668,0,0,0,0
494688,0,0,0,0
494708,0,0,0,0
494729,0,0,0,0
494749,0,0,0,0
494769,0,0,0,0
494790,0,0,0,0
494810,0,0,0,0
494830,0,0,0,0
494850,0,0,0,0
494871,0,0,0,0
494891,0,0,0,0
494911,0,0,0,0
494932,0,0,0,0
494952,0,0,0,0
494972,0,0,0,0
494993,0,0,0,0
495013,0,0,0,0
495033,0,0,0,0
495054,0,0,0,0
495074,0,0,0,0
495095,0,0,0,0
495115,0,0,0,0
495135,0,0,0,0
495156,0,0,0,0
495176,0,0,0,0
495196,0,0,0,0
495217,0,0,0,0
495237,0,0,0,0
495257,0,0,0,0
495278,0,0,0,0
495298,0,0,0,0
495318,0,0,0,0
495339,0,0,0,0
495359,0,0,0,0
495379,0,0,0,0
495399,0,0,0,0
495420,0,0,0,0
495440,0,0,0,0
495460,0,0,0,0
495481,0,0,0,0
495501,0,0,0,0
495521,0,0,0,0
495542,0,0,0,0
495562,0,0,0,0
495582,0,0,0,0
495603,0,0,0,0
495623,0,0,0,0
495643,0,0,0,0
495664,0,0,0,0
495684,0,0,0,0
495704,0,0,0,0
495725,0,0,0,0
495745,0,0,0,0
495766,0,0,0,0
495786,0,0,0,0
495806,0,0,0,0
495827,0,0,0,0
495847,0,0,0,0
495867,0,0,0,0
495888,0,0,0,0
495908,0,0,0,0
495928,0,0,0,0
495949,0,0,0,0
495969,0,0,0,0
495989,0,0,0,0
496009,0,0,0,0
496030,0,0,0,0
496050,0,0,0,0
496070,0,0,0,0
496091,0,0,0,0
496111,0,0,0,0
496132,0,0,0,0
496152,0,0,0,0
496172,0,0,0,0
496193,0,0,0,0
496213,0,0,0,0
496233,0,0,0,0
496254,0,0,0,0
496274,0,0,0,0
496294,0,0,0,0
496315,0,0,0,0
496335,0,0,0,0
496356,0,0,0,0
496376,0,0,0,0
496396,0,0,0,0
496417,0,0,0,0
496437,0,0,0,0
496457,0,0,0,0
496478,0,0,0,0
496498,0,0,0,0
496518,0,0,0,0
496539,0,0,0,0
496559,0,0,0,0
496580,0,0,0,0
496600,0,0,0,0
496620,0,0,0,0
496640,0,0,0,0
496661,0,0,0,0
496681,0,0,0,0
496702,0,0,0,0
496722,0,0,0,0
496742,0,0,0,0
496763,0,0,0,0
496783,0,0,0,0
496803,0,0,0,0
496824,0,0,0,0
496844,0,0,0,0
496864,0,0,0,0
496885,0,0,0,0
496905,0,0,0,0
496925,0,0,0,0
496946,0,0,0,0
496966,0,0,0,0
496986,0,0,0,0
497007,0,0,0,0
497027,0,0,0,0
497047,0,0,0,0
497068,0,0,0,0
497088,0,0,0,0
497108,0,0,0,0
497129,0,0,0,0
497149,0,0,0,0
497169,0,0,0,0
497190,0,0,0,0
497210,0,0,0,0
497230,0,0,0,0
497251,0,0,0,0
497271,0,0,0,0
497291,0,0,0,0
497312,0,0,0,0
497332,0,0,0,0
497352,0,0,0,0
497373,0,0,0,0
497393,0,0,0,0
497413,0,0,0,0
497434,0,0,0,0
497454,0,0,0,0
497474,0,0,0,0
497495,0,0,0,0
497515,0,0,0,0
497535,0,0,0,0
497556,0,0,0,0
497576,0,0,0,0
497597,0,0,0,0
497617,0,0,0,0
497637,0,0,0,0
497657,0,0,0,0
497678,0,0,0,0
497698,0,0,0,0
497718,0,0,0,0
497739,0,0,0,0
497759,0,0,0,0
497779,0,0,0,0
497800,0,0,0,0
497820,0,0,0,0
497840,0,0,0,0
497861,0,0,0,0
497881,0,0,0,0
497902,0,0,0,0
497922,0,0,0,0
497942,0,0,0,0
497963,0,0,0,0
497983,0,0,0,0
498003,0,0,0,0
498024,0,0,0,0
498044,0,0,0,0
498064,0,0,0,0
498084,0,0,0,0
498105,0,0,0,0
498125,0,0,0,0
498145,0,0,0,0
498166,0,0,0,0
498186,0,0,0,0
498207,0,0,0,0
498227,0,0,0,0
498247,0,0,0,0
498268,0,0,0,0
498288,0,0,0,0
498403,0,0,0,0
499669,0.668419,0.675738,0.676315,1
499690,0.666283,0.67168,0.65767,1
499710,0.667426,0.666938,0.663938,1
499730,0.670226,0.6708,0.668686,1
499750,0.659356,0.66205,0.673031,1
499771,0.664026,0.66765,0.665111,1
499791,0.669461,0.665636,0.668999,1
499811,0.675213,0.67113,0.663331,1
499832,0.665055,0.670908,0.66673,1
499852,0.664566,0.660353,0.665115,1
499872,0.666726,0.674021,0.669258,1
499893,0.665837,0.666928,0.668115,1
499913,0.668356,0.675768,0.665749,1
499933,0.66739,0.667189,0.666847,1
499954,0.66504,0.665116,0.668403,1
499974,0.672522,0.665734,0.663946,1
499995,0.667149,0.665944,0.666742,1
500015,0.665698,0.670092,0.673337,1
500035,0.669117,0.674504,0.660953,1
500056,0.671036,0.660557,0.668972,1
500076,0.665228,0.670155,0.669876,1
500096,0.665609,0.66682,0.667279,1
500117,0.665578,0.673232,0.669603,1
500137,0.666865,0.663519,0.665968,1
500157,0.668628,0.66277,0.670428,1
500178,0.663819,0.661426,0.671193,1
500198,0.658818,0.678795,0.665854,1
500218,0.673074,0.672995,0.663295,1
500239,0.672698,0.664004,0.674514,1
500259,0.662231,0.668399,0.665065,1
500279,0.67158,0.667324,0.661551,1
500300,0.670467,0.667221,0.657414,1
500320,0.66769,0.672014,0.671118,1
500340,0.671011,0.658542,0.66761,1
500361,0.667127,0.668836,0.665297,1
500381,0.662461,0.659271,0.66544,1
500401,0.665699,0.666358,0.662733,1
500422,0.663187,0.666193,0.668806,1
500442,0.6622,0.668601,0.67056,1
500462,0.669078,0.670292,0.670367,1
500483,0.668183,0.669848,0.666735,1
500503,0.66503,0.663739,0.673042,1
500523,0.665503,0.664533,0.656034,1
500544,0.664594,0.662134,0.673048,1
500564,0.67299,0.670826,0.674359,1
500584,0.665705,0.667635,0.659252,1
500605,0.659049,0.655258,0.661157,1
500625,0.66892,0.66809,0.663922,1
500646,0.658734,0.660308,0.664552,1
500666,0.669853,0.671195,0.665057,1
500686,0.669431,0.667238,0.665267,1
500707,0.671025,0.665975,0.656673,1
500727,0.672334,0.671507,0.664314,1
500747,0.670281,0.661872,0.675012,1
500768,0.673222,0.662533,0.66865,1
500788,0.664656,0.673397,0.665061,1
500809,0.666519,0.670509,0.662801,1
500829,0.672058,0.665869,0.668982,1
500849,0.671499,0.671827,0.666984,1
500870,0.668069,0.656795,0.669461,1
500890,0.669812,0.661883,0.66137,1
500910,0.662724,0.667582,0.666411,1
500931,0.67014,0.659662,0.668539,1
500951,0.661928,0.671566,0.670822,1
500972,0.670784,0.667396,0.66952,1
500992,0.656775,0.669503,0.660407,1
501013,0.663805,0.66622,0.66881,1
501033,0.666145,0.669718,0.673342,1
501053,0.663969,0.664575,0.674746,1
501074,0.662207,0.665516,0.672731,1
501094,0.663611,0.666811,0.664922,1
501115,0.658822,0.668605,0.66942,1
501135,0.670907,0.673263,0.667541,1
501155,0.675051,0.669815,0.663583,1
501176,0.659648,0.659278,0.671421,1
501196,0.66734,0.66355,0.664428,1
501217,0.661511,0.681634,0.663974,1
501237,0.671063,0.665463,0.66423,1
501257,0.66093,0.668683,0.673253,1
501278,0.671392,0.667995,0.673451,1
501298,0.664455,0.661365,0.66827,1
501319,0.65666,0.668451,0.668021,1
501339,0.662341,0.665954,0.664095,1
501359,0.665802,0.667629,0.667036,1
501380,0.670045,0.677608,0.66307,1
501400,0.668876,0.664211,0.669535,1
501420,0.675262,0.668811,0.665601,1
501441,0.681978,0.66389,0.665033,1
501461,0.672758,0.658954,0.656492,1
501482,0.664093,0.67081,0.675113,1
501502,0.668063,0.665892,0.664009,1
501523,0.670592,0.660182,0.662777,1
501543,0.656904,0.672736,0.669159,1
501563,0.663067,0.666256,0.668063,1
501584,0.665689,0.669871,0.665332,1
501604,0.657732,0.661366,0.668061,1
501625,0.660428,0.658581,0.664129,1
501645,0.66968,0.669174,0.666609,1
501665,0.666218,0.666072,0.671651,1
501686,0.669346,0.667953,0.67368,1
501706,0.668206,0.669229,0.662023,1
501727,0.672495,0.663178,0.674027,1
501747,0.666232,0.670761,0.664978,1
501768,0.672583,0.663584,0.669335,1
501788,0.671493,0.656729,0.674075,1
501808,0.669444,0.656375,0.674751,1
501829,0.66716,0.675157,0.666082,1
501849,0.669335,0.674714,0.670785,1
501870,0.664206,0.659303,0.662584,1
501890,0.663255,0.66191,0.668718,1
501910,0.661539,0.66485,0.664428,1
501931,0.665243,0.669783,0.674651,1
501951,0.672879,0.668155,0.659045,1
501971,0.670872,0.664747,0.679024,1
501992,0.663079,0.670194,0.666173,1
502012,0.672759,0.672715,0.663871,1
502032,0.65505,0.670124,0.661265,1
502053,0.662115,0.668401,0.662783,1
502073,0.668517,0.66347,0.668727,1
502094,0.666563,0.672815,0.667625,1
502114,0.658561,0.669383,0.670005,1
502134,0.670654,0.664548,0.661958,1
502155,0.661238,0.669845,0.668573,1
502175,0.665346,0.666498,0.669698,1
502196,0.666482,0.650741,0.673151,1
502216,0.675277,0.66471,0.669504,1
502237,0.673173,0.668768,0.662624,1
502257,0.668358,0.673058,0.665312,1
502277,0.667356,0.660217,0.664425,1
502298,0.664149,0.667462,0.664344,1
502318,0.668991,0.66996,0.667157,1
502339,0.660835,0.665866,0.65073,1
502359,0.667442,0.663986,0.666607,1
502379,0.671285,0.666354,0.663866,1
502400,0.659842,0.664965,0.668125,1
502420,0.663855,0.665221,0.667302,1
502440,0.65929,0.664012,0.670188,1
502461,0.662911,0.661104,0.677614,1
502481,0.658205,0.664457,0.669775,1
502502,0.667814,0.668341,0.673545,1
502522,0.666195,0.66685,0.668912,1
502543,0.663631,0.660418,0.668296,1
502563,0.667258,0.664779,0.663963,1
502584,0.667772,0.669564,0.660813,1
502604,0.677777,0.654226,0.677668,1
502625,0.665034,0.662756,0.664773,1
502645,0.66366,0.668571,0.671856,1
502666,0.664974,0.667868,0.648596,1
502686,0.665246,0.66375,0.664536,1
502706,0.654621,0.673745,0.669424,1
502727,0.669853,0.666537,0.665486,1
502747,0.670778,0.667058,0.664197,1
502768,0.670288,0.670356,0.671786,1
502788,0.664768,0.671781,0.663003,1
502809,0.660428,0.666759,0.671605,1
502829,0.667464,0.670019,0.665942,1
502849,0.666882,0.663669,0.665535,1
502870,0.661937,0.674094,0.665768,1
502890,0.657114,0.670768,0.671462,1
502911,0.663754,0.66654,0.672086,1
502931,0.662771,0.666902,0.668119,1
502951,0.65744,0.66722,0.666435,1
502972,0.664757,0.659404,0.665984,1
502992,0.669742,0.671731,0.662647,1
503012,0.684475,0.662368,0.670074,1
503033,0.664265,0.661829,0.669013,1
503053,0.667115,0.662968,0.678189,1
503074,0.670664,0.670638,0.667434,1
503094,0.66214,0.679102,0.66487,1
503115,0.672038,0.661743,0.669822,1
503135,0.665967,0.665872,0.671047,1
503155,0.674153,0.664548,0.652623,1
503176,0.667037,0.67418,0.664126,1
503196,0.664933,0.670577,0.667253,1
503217,0.665532,0.670363,0.665815,1
503237,0.663903,0.669401,0.659788,1
503258,0.671336,0.666287,0.674462,1
503278,0.669501,0.665674,0.664827,1
503299,0.669665,0.677644,0.662104,1
503319,0.666471,0.668608,0.669709,1
503340,0.661558,0.667982,0.675679,1
503360,0.671831,0.66436,0.662994,1
503381,0.659091,0.663084,0.664217,1
503401,0.672544,0.663245,0.663982,1
503422,0.667359,0.668143,0.670118,1
503442,0.66189,0.669345,0.654435,1
503463,0.67142,0.671573,0.670957,1
503483,0.660168,0.669113,0.664778,1
503504,0.661753,0.66073,0.667919,1
503524,0.667299,0.661317,0.666062,1
503544,0.658291,0.671528,0.665341,1
503565,0.670123,0.66011,0.67535,1
503585,0.668768,0.668639,0.661977,1
503606,0.665821,0.673981,0.67144,1
503626,0.670804,0.664529,0.668016,1
503646,0.665723,0.665033,0.667748,1
503667,0.673924,0.664587,0.662138,1
503687,0.668123,0.66342,0.676341,1
503708,0.667152,0.661899,0.667218,1
503728,0.664047,0.670068,0.661882,1
503749,0.665997,0.656806,0.668364,1
503769,0.672512,0.661073,0.662376,1
503790,0.660709,0.66542,0.665465,1
503810,0.667775,0.668116,0.66458,1
503831,0.66405,0.673759,0.66142,1
503851,0.667465,0.673897,0.663214,1
503872,0.667226,0.66904,0.658971,1
503892,0.67598,0.657879,0.660829,1
503913,0.665813,0.671499,0.665803,1
503933,0.665187,0.666495,0.664549,1
503954,0.661761,0.671124,0.679395,1
503974,0.663044,0.661355,0.666836,1
503995,0.657454,0.659278,0.664073,1
504015,0.673616,0.665773,0.656184,1
504036,0.676395,0.66945,0.671462,1
504056,0.671705,0.665803,0.678889,1
504077,0.665905,0.667022,0.671346,1
504097,0.665255,0.669875,0.667589,1
504118,0.662812,0.667352,0.67166,1
504138,0.661615,0.668745,0.670202,1
504159,0.66786,0.673719,0.656636,1
504179,0.669732,0.666726,0.659111,1
504200,0.666561,0.671389,0.669928,1
504220,0.673279,0.6727,0.666508,1
504241,0.669679,0.669015,0.668273,1
504261,0.668549,0.659705,0.65777,1
504282,0.679199,0.662467,0.663201,1
504302,0.667696,0.662315,0.659213,1
504322,0.66326,0.661111,0.661433,1
504343,0.667979,0.664596,0.66204,1
504363,0.674971,0.667654,0.665607,1
504384,0.666651,0.666615,0.672908,1
504404,0.66918,0.668292,0.663559,1
504425,0.662217,0.668011,0.667223,1
504445,0.659812,0.673274,0.668825,1
504466,0.673646,0.666489,0.666156,1
504486,0.672188,0.673413,0.671116,1
504507,0.668893,0.665053,0.657923,1
504527,0.65699,0.66647,0.668821,1
504548,0.670618,0.675886,0.668527,1
504568,0.666668,0.655986,0.669646,1
504589,0.664485,0.668523,0.665538,1
504609,0.662504,0.660103,0.671136,1
504630,0.675718,0.661843,0.670049,1
504650,0.663329,0.667851,0.665212,1
504678,0.503448,0.502209,0.499516,1
504721,0,0,0,0
507418,0.662256,0.666856,0.664228,1
507438,0.663855,0.66025,0.677366,1
507458,0.675485,0.667824,0.671437,1
507479,0.667416,0.66486,0.663825,1
507499,0.665129,0.660135,0.678073,1
507519,0.660386,0.667164,0.667442,1
507539,0.666019,0.661297,0.665137,1
507560,0.659632,0.668952,0.667773,1
507580,0.667852,0.673361,0.666644,1
507600,0.6564,0.664393,0.665063,1
507621,0.670995,0.666048,0.666553,1
507641,0.663504,0.667725,0.66968,1
507661,0.674119,0.664662,0.672938,1
507681,0.662882,0.669123,0.660865,1
507702,0.663033,0.676181,0.655986,1
507722,0.656699,0.667949,0.671627,1
507742,0.665626,0.670352,0.67256,1
507763,0.662848,0.66802,0.670185,1
507783,0.658979,0.671225,0.66392,1
507803,0.66301,0.670736,0.666471,1
507824,0.663055,0.671146,0.661867,1
507844,0.663701,0.676782,0.668428,1
507864,0.666312,0.661449,0.670853,1
507885,0.669694,0.665834,0.664614,1
507905,0.686935,0.679717,0.672474,1
507925,0.660701,0.658088,0.664339,1
507946,0.664344,0.667635,0.677678,1
507966,0.664204,0.665201,0.665432,1
507986,0.665194,0.666961,0.669557,1
508007,0.673087,0.668217,0.674603,1
508027,0.666406,0.67075,0.668325,1
508047,0.662079,0.671526,0.670485,1
508068,0.661343,0.672496,0.668809,1
508088,0.659209,0.669632,0.666726,1
508108,0.665625,0.661056,0.662347,1
508129,0.660573,0.670353,0.664803,1
508149,0.665298,0.673544,0.686542,1
508169,0.664381,0.671112,0.668111,1
508190,0.661647,0.653388,0.662604,1
508210,0.662718,0.674719,0.661989,1
508230,0.663096,0.674054,0.670367,1
508251,0.669576,0.676848,0.675386,1
508271,0.668928,0.667053,0.66641,1
508291,0.662828,0.666548,0.66781,1
508312,0.663332,0.667652,0.669409,1
508332,0.669166,0.663651,0.662721,1
508353,0.669759,0.670476,0.668262,1
508373,0.670057,0.671446,0.672868,1
508393,0.663977,0.661079,0.67479,1
508414,0.66684,0.67857,0.675436,1
508434,0.661697,0.665701,0.661442,1
508454,0.669117,0.661254,0.665403,1
508475,0.665408,0.662745,0.673368,1
508495,0.671983,0.667825,0.667178,1
508515,0.668445,0.664843,0.665852,1
508535,0.666082,0.673141,0.662584,1
508556,0.664027,0.667829,0.67061,1
508576,0.663356,0.665359,0.668114,1
508596,0.667136,0.665665,0.670022,1
508617,0.662253,0.662462,0.665507,1
508637,0.667323,0.668406,0.66167,1
508657,0.665855,0.662756,0.673452,1
508678,0.649515,0.675104,0.665007,1
508698,0.655869,0.659532,0.668619,1
508718,0.686232,0.667377,0.660036,1
508739,0.659137,0.664674,0.665613,1
508759,0.664001,0.666994,0.668211,1
508780,0.655388,0.652584,0.66787,1
508800,0.66202,0.661783,0.668786,1
508820,0.679479,0.671722,0.674097,1
508840,0.666109,0.66859,0.661268,1
508861,0.669838,0.669897,0.656527,1
508881,0.672269,0.658014,0.671392,1
508901,0.658352,0.670361,0.667204,1
508922,0.668782,0.673021,0.674344,1
508942,0.665632,0.664286,0.667825,1
508963,0.66076,0.658017,0.670571,1
508983,0.670962,0.664108,0.665326,1
509003,0.666473,0.664707,0.662327,1
509024,0.669128,0.66237,0.662947,1
509044,0.669218,0.667002,0.675617,1
509064,0.674347,0.67627,0.66493,1
509084,0.670073,0.671219,0.665979,1
509105,0.662788,0.672598,0.669838,1
509125,0.661625,0.661243,0.660226,1
509145,0.672197,0.67203,0.662681,1
509166,0.65261,0.668474,0.65717,1
509186,0.666504,0.677034,0.676462,1
509207,0.677659,0.671694,0.676221,1
509227,0.674236,0.680343,0.669087,1
509247,0.664331,0.669167,0.677904,1
509268,0.666016,0.658068,0.664735,1
509288,0.674124,0.662568,0.661039,1
509309,0.671339,0.666392,0.672921,1
509329,0.665208,0.669434,0.667233,1
509349,0.659897,0.671278,0.669335,1
509369,0.667604,0.667417,0.664956,1
509390,0.658342,0.65452,0.676601,1
509410,0.664027,0.660963,0.665577,1
509431,0.66228,0.676901,0.670467,1
509451,0.667729,0.667608,0.666978,1
509471,0.674025,0.672025,0.663212,1
509492,0.659189,0.66942,0.669412,1
509512,0.664824,0.660592,0.664293,1
509532,0.65883,0.655361,0.662192,1
509552,0.666623,0.659363,0.680553,1
509573,0.664994,0.67104,0.665888,1
509593,0.665343,0.65939,0.672116,1
509613,0.663777,0.66779,0.659898,1
509634,0.664909,0.679284,0.671862,1
509654,0.664282,0.664492,0.664063,1
509675,0.660242,0.671932,0.660518,1
509695,0.670981,0.662782,0.672683,1
509715,0.669951,0.661054,0.666552,1
509735,0.662475,0.671951,0.664029,1
509756,0.663714,0.6683,0.67108,1
509776,0.665187,0.661348,0.671592,1
509796,0.666838,0.66372,0.664057,1
509817,0.674516,0.681339,0.658723,1
509837,0.669036,0.66405,0.664379,1
509857,0.660821,0.672554,0.674227,1
509878,0.500124,0.495447,0.494408,1
509926,0,0,0,0
509976,0,0,0,0
511672,0.669917,0.662433,0.671236,1
511693,0.668443,0.664691,0.669666,1
511713,0.661679,0.671471,0.667987,1
511733,0.662896,0.669242,0.668485,1
511753,0.676912,0.667762,0.668413,1
511774,0.672702,0.655285,0.67373,1
511794,0.660385,0.677125,0.66851,1
511814,0.665326,0.664653,0.669951,1
511834,0.671434,0.66817,0.661432,1
511855,0.666674,0.669348,0.666001,1
511875,0.663677,0.664691,0.663224,1
511896,0.671304,0.665055,0.662889,1
511916,0.680014,0.66592,0.661816,1
511936,0.671244,0.664054,0.658962,1
511957,0.665478,0.665294,0.660491,1
511977,0.675555,0.666807,0.667961,1
511997,0.66489,0.666991,0.664371,1
512018,0.660526,0.658189,0.670669,1
512038,0.661013,0.671792,0.673366,1
512058,0.682123,0.657974,0.667318,1
512079,0.665787,0.666582,0.664077,1
512099,0.675555,0.668251,0.663057,1
512120,0.669161,0.662002,0.662483,1
512140,0.661943,0.67022,0.6644,1
512160,0.668223,0.674536,0.666121,1
512181,0.672948,0.664188,0.665346,1
512201,0.672391,0.658631,0.661328,1
512221,0.673714,0.665054,0.663656,1
512241,0.668185,0.674378,0.66354,1
512262,0.665961,0.674166,0.661605,1
512282,0.663475,0.668882,0.670405,1
512302,0.668847,0.670131,0.666848,1
512323,0.676894,0.659522,0.665379,1
512343,0.666253,0.662399,0.660968,1
512363,0.659414,0.657492,0.667514,1
512384,0.668411,0.670056,0.671722,1
512404,0.663179,0.660745,0.667005,1
512425,0.666178,0.680268,0.672191,1
512445,0.662271,0.669566,0.671359,1
512465,0.667538,0.667288,0.658831,1
512486,0.658628,0.672042,0.662994,1
512506,0.670951,0.670377,0.66953,1
512526,0.670629,0.674611,0.667554,1
512547,0.671873,0.668124,0.666541,1
512567,0.669531,0.66376,0.664956,1
512588,0.660666,0.664318,0.659432,1
512608,0.661505,0.672152,0.669442,1
512628,0.666622,0.65995,0.660088,1
512649,0.6707,0.67485,0.667715,1
512669,0.673891,0.652021,0.660543,1
512689,0.667797,0.676786,0.667154,1
512710,0.664296,0.674125,0.669977,1
512730,0.672466,0.671376,0.660181,1
512750,0.663106,0.659571,0.668487,1
512771,0.668433,0.666278,0.664599,1
512791,0.662016,0.657928,0.66731,1
512811,0.669743,0.652138,0.666973,1
512831,0.660297,0.665211,0.657219,1
512852,0.662293,0.661814,0.655593,1
512872,0.663678,0.662558,0.666403,1
512892,0.65548,0.659682,0.659134,1
512913,0.680322,0.672464,0.673482,1
512933,0.675759,0.657914,0.679902,1
512953,0.659391,0.660323,0.669161,1
512974,0.662952,0.663856,0.660059,1
512994,0.664281,0.665327,0.663916,1
513015,0.653871,0.667416,0.665211,1
513035,0.666659,0.67327,0.66346,1
513055,0.667968,0.675872,0.667629,1
513076,0.666311,0.663453,0.67,1
513096,0.663098,0.662947,0.660791,1
513116,0.668782,0.66456,0.667145,1
513137,0.660231,0.66865,0.671752,1
513157,0.660402,0.661219,0.661998,1
513177,0.672607,0.6721,0.665335,1
513198,0.672119,0.666093,0.674014,1
513218,0.671657,0.665626,0.668,1
513238,0.670311,0.664108,0.669421,1
513259,0.657849,0.677601,0.663483,1
513279,0.669755,0.668038,0.66843,1
513299,0.668865,0.668167,0.66869,1
513320,0.674945,0.668724,0.666208,1
513340,0.663465,0.668527,0.669759,1
513360,0.667045,0.663457,0.67749,1
513381,0.667741,0.666968,0.665532,1
513401,0.670476,0.671191,0.664486,1
513422,0.656565,0.672578,0.671517,1
513442,0.667572,0.663254,0.666885,1
513462,0.67657,0.666364,0.667031,1
513483,0.670685,0.666427,0.663161,1
513503,0.664427,0.660848,0.674758,1
513523,0.668954,0.685772,0.661296,1
513544,0.670473,0.673266,0.663684,1
513564,0.668622,0.674701,0.654029,1
513584,0.664615,0.667977,0.663169,1
513605,0.66988,0.671108,0.665386,1
513625,0.655982,0.657822,0.663171,1
513645,0.66378,0.669173,0.671426,1
513666,0.663238,0.670669,0.673745,1
513686,0.673865,0.667863,0.664944,1
513707,0.668472,0.677389,0.672601,1
513727,0.652129,0.670643,0.669163,1
513747,0.671589,0.664762,0.669038,1
513768,0.672799,0.673243,0.660278,1
513788,0.6612,0.663843,0.668399,1
513809,0.668991,0.665493,0.672836,1
513829,0.65635,0.665689,0.668539,1
513849,0.660484,0.664665,0.668775,1
513870,0.660403,0.668388,0.669006,1
513890,0.675599,0.661568,0.668138,1
513911,0.668144,0.662748,0.662147,1
513931,0.666699,0.672169,0.666192,1
513951,0.665658,0.661191,0.658752,1
513972,0.670098,0.670118,0.668241,1
513992,0.667642,0.666844,0.669541,1
514013,0.664271,0.668219,0.665368,1
514033,0.673275,0.668792,0.660843,1
514053,0.66388,0.666385,0.672656,1
514074,0.661439,0.66148,0.659822,1
514094,0.681106,0.66383,0.662526,1
514115,0.665486,0.672035,0.670031,1
514135,0.664084,0.672421,0.666304,1
514156,0.657283,0.664943,0.653807,1
514176,0.660305,0.666841,0.659092,1
514196,0.6643,0.666449,0.679142,1
514217,0.665662,0.658364,0.665207,1
514237,0.660388,0.670946,0.669204,1
514257,0.672601,0.670197,0.659539,1
514278,0.663214,0.66934,0.66434,1
514298,0.670166,0.673876,0.673074,1
514318,0.668385,0.672401,0.67157,1
514339,0.672877,0.66751,0.666327,1
514359,0.667625,0.676445,0.653199,1
514380,0.66404,0.670454,0.66695,1
514400,0.672437,0.670206,0.66328,1
514421,0.663738,0.655232,0.663048,1
514441,0.67085,0.674127,0.667497,1
514461,0.669242,0.672244,0.664503,1
514482,0.663559,0.665009,0.667486,1
514502,0.661932,0.666484,0.660101,1
514523,0.663353,0.669153,0.662561,1
514543,0.670204,0.666046,0.660355,1
514564,0.656676,0.660282,0.664353,1
514584,0.677347,0.668635,0.664789,1
514605,0.664178,0.666493,0.67007,1
514625,0.663385,0.664742,0.659996,1
514645,0.662766,0.676338,0.663385,1
514666,0.662356,0.673428,0.659419,1
514686,0.670642,0.668851,0.660654,1
514707,0.660654,0.67371,0.658311,1
514727,0.659677,0.658495,0.669385,1
514748,0.656256,0.672457,0.665856,1
514768,0.669299,0.65778,0.659596,1
514789,0.66763,0.676779,0.664018,1
514809,0.673925,0.661033,0.670327,1
514829,0.66447,0.670354,0.667303,1
514850,0.663755,0.664774,0.666318,1
514870,0.663467,0.665508,0.660665,1
514891,0.669559,0.670673,0.663087,1
514911,0.666915,0.668044,0.671867,1
514932,0.659818,0.658143,0.661416,1
514952,0.670795,0.673885,0.667293,1
514973,0.677499,0.663832,0.663743,1
514993,0.664979,0.661685,0.676199,1
515014,0.664843,0.657005,0.661561,1
515034,0.662906,0.664546,0.664783,1
515054,0.672265,0.672725,0.665701,1
515075,0.667443,0.666112,0.672339,1
515095,0.661697,0.660815,0.672547,1
515116,0.668711,0.668842,0.659521,1
515136,0.668131,0.671505,0.659935,1
515157,0.670071,0.67782,0.660118,1
515177,0.658671,0.66543,0.66397,1
515198,0.659981,0.650795,0.672789,1
515218,0.663333,0.666967,0.66091,1
515239,0.661277,0.657131,0.660912,1
515259,0.665316,0.674342,0.674248,1
515279,0.66384,0.668274,0.672398,1
515300,0.662768,0.663209,0.665703,1
515320,0.66489,0.667874,0.674396,1
515340,0.659582,0.648713,0.663816,1
515361,0.663189,0.660747,0.656867,1
515381,0.666722,0.658703,0.673554,1
515401,0.677025,0.672362,0.670637,1
515422,0.670498,0.673587,0.664129,1
515442,0.670916,0.662877,0.666027,1
515463,0.673539,0.665687,0.67113,1
515483,0.667954,0.657986,0.667477,1
515504,0.664982,0.67833,0.663081,1
515524,0.664076,0.677627,0.659742,1
515545,0.666598,0.66646,0.668037,1
515565,0.667878,0.677969,0.668859,1
515586,0.670158,0.666098,0.673011,1
515606,0.659858,0.672434,0.662091,1
515627,0.672328,0.659951,0.662353,1
515647,0.666995,0.669643,0.669865,1
515667,0.678096,0.673653,0.673024,1
515688,0.671126,0.669995,0.667993,1
515708,0.666428,0.669237,0.667123,1
515728,0.660507,0.65811,0.6707,1
515749,0.666147,0.670085,0.666962,1
515769,0.662894,0.657761,0.675932,1
515790,0.670752,0.6687,0.67414,1
515810,0.660626,0.667321,0.664255,1
515831,0.66382,0.666466,0.668552,1
515851,0.667056,0.671753,0.671314,1
515872,0.664338,0.669764,0.666341,1
515892,0.668473,0.66258,0.670075,1
515913,0.665093,0.679203,0.674412,1
515933,0.656602,0.669523,0.659339,1
515954,0.663674,0.668042,0.672419,1
515974,0.662398,0.672669,0.666272,1
515995,0.670961,0.680199,0.672294,1
516015,0.679265,0.664442,0.665428,1
516036,0.664779,0.674501,0.666687,1
516056,0.667209,0.66563,0.662459,1
516077,0.661043,0.662856,0.662937,1
516097,0.663046,0.666035,0.672483,1
516118,0.668936,0.670001,0.673558,1
516138,0.669358,0.664188,0.666132,1
516159,0.667692,0.666062,0.672371,1
516179,0.667733,0.657923,0.65768,1
516200,0.655717,0.66727,0.672458,1
516220,0.66056,0.666984,0.666486,1
516241,0.670641,0.669483,0.663403,1
516261,0.669194,0.669219,0.668314,1
516281,0.666825,0.662364,0.659245,1
516302,0.663893,0.67292,0.671126,1
516322,0.671732,0.663483,0.671428,1
516343,0.663753,0.663304,0.669332,1
516363,0.666957,0.667605,0.66902,1
516384,0.653868,0.665221,0.661275,1
516404,0.664578,0.659636,0.655717,1
516425,0.660825,0.667403,0.666186,1
516445,0.66344,0.660863,0.661781,1
516466,0.656354,0.667794,0.672741,1
516486,0.655867,0.666152,0.668652,1
516507,0.677085,0.667452,0.672241,1
516527,0.664913,0.675541,0.666953,1
516548,0.657703,0.664235,0.666533,1
516568,0.672359,0.669302,0.667056,1
516589,0.665157,0.670193,0.662747,1
516609,0.660171,0.664397,0.66887,1
516630,0.672633,0.661152,0.667095,1
516651,0.663233,0.678037,0.656342,1
516671,0.658459,0.667892,0.663065,1
516692,0.668242,0.661452,0.660298,1
516712,0.670883,0.664296,0.664571,1
516733,0.660724,0.675557,0.670736,1
516753,0.668311,0.672148,0.663268,1
516774,0.668211,0.659849,0.657087,1
516794,0.668361,0.654974,0.661317,1
516815,0.664746,0.665726,0.668958,1
516835,0.669643,0.672044,0.674966,1
516856,0.661143,0.66852,0.666025,1
516876,0.675049,0.675738,0.652785,1
516896,0.664355,0.66458,0.669252,1
516917,0.667241,0.666282,0.66438,1
516937,0.661601,0.661769,0.664604,1
516958,0.664042,0.658772,0.657906,1
516979,0.666472,0.67374,0.656231,1
516999,0.667874,0.670866,0.67475,1
517020,0.666886,0.675452,0.666102,1
517040,0.667078,0.666992,0.664139,1
517061,0.685671,0.669936,0.659283,1
517081,0.654233,0.663028,0.676289,1
517101,0.666985,0.658959,0.658515,1
517121,0.669683,0.674918,0.671132,1
517142,0.668269,0.67073,0.666972,1
517162,0.666414,0.666669,0.669181,1
517182,0.670744,0.663637,0.666285,1
517202,0.66914,0.671237,0.664469,1
517222,0.677942,0.667433,0.667992,1
517242,0.672439,0.661659,0.670722,1
517263,0.668617,0.663195,0.662145,1
517283,0.666506,0.667891,0.668655,1
517303,0.668293,0.666695,0.662594,1
517323,0.661564,0.662278,0.662452,1
517343,0.672182,0.656876,0.664874,1
517363,0.671474,0.660171,0.655462,1
517384,0.663226,0.6666,0.663267,1
517404,0.663411,0.660169,0.662808,1
517424,0.673442,0.667615,0.666103,1
517444,0.662829,0.66718,0.665903,1
517464,0.664483,0.669113,0.66484,1
517484,0.674675,0.665644,0.66607,1
517505,0.664621,0.662082,0.66435,1
517525,0.672378,0.669408,0.662456,1
517545,0.665907,0.663177,0.663433,1
517565,0.670926,0.669475,0.663385,1
517585,0.665761,0.663813,0.665194,1
517605,0.664831,0.671269,0.671609,1
517625,0.67302,0.665363,0.665267,1
517646,0.665982,0.662493,0.657697,1
517666,0.679234,0.663761,0.660623,1
517686,0.665845,0.656852,0.676305,1
517706,0.664476,0.666051,0.662249,1
517726,0.661337,0.660006,0.669902,1
517746,0.666358,0.679455,0.665324,1
517767,0.667827,0.66162,0.666642,1
517787,0.664041,0.666241,0.663752,1
517807,0.662561,0.667461,0.666381,1
517827,0.664038,0.66625,0.665187,1
517847,0.661862,0.668552,0.66342,1
517867,0.661485,0.667658,0.662021,1
517888,0.670719,0.664047,0.663906,1
517908,0.660386,0.665475,0.660956,1
517928,0.651135,0.670737,0.667414,1
517948,0.660923,0.660255,0.66245,1
517968,0.662109,0.666233,0.667282,1
517988,0.673486,0.662389,0.66592,1
518008,0.665473,0.680215,0.667971,1
518029,0.667439,0.663215,0.67185,1
518049,0.671371,0.670432,0.664187,1
518069,0.666156,0.667407,0.670341,1
518089,0.675112,0.674713,0.664576,1
518109,0.665757,0.666236,0.664104,1
518129,0.664134,0.667505,0.667423,1
518150,0.663138,0.674732,0.663259,1
518170,0.665682,0.677129,0.659734,1
518190,0.662418,0.660156,0.655399,1
518210,0.670792,0.665487,0.67005,1
518231,0.67039,0.658985,0.673012,1
518251,0.667325,0.668482,0.672661,1
518272,0.669129,0.671739,0.658707,1
518292,0.663266,0.666486,0.66254,1
518312,0.660274,0.656935,0.662879,1
518333,0.663559,0.673615,0.669144,1
518353,0.669269,0.654764,0.662405,1
518374,0.665074,0.671882,0.661079,1
518394,0.665416,0.662976,0.66187,1
518415,0.671222,0.657852,0.665668,1
518435,0.662035,0.669066,0.663262,1
518456,0.667013,0.660465,0.667361,1
518477,0.65839,0.662854,0.659577,1
518497,0.656961,0.666708,0.663747,1
518518,0.658845,0.659053,0.675874,1
518538,0.66151,0.665846,0.675032,1
518559,0.670959,0.669814,0.665488,1
518580,0.652068,0.671384,0.668686,1
518600,0.671205,0.66811,0.665103,1
518621,0.662507,0.669498,0.663181,1
518641,0.665979,0.668636,0.663222,1
518662,0.661086,0.673805,0.66974,1
518683,0.666308,0.673068,0.658985,1
518703,0.660337,0.674175,0.668584,1
518724,0.668624,0.664523,0.667341,1
518744,0.66701,0.662746,0.668585,1
518765,0.661401,0.670125,0.668756,1
518786,0.65828,0.666483,0.671452,1
518806,0.682679,0.671623,0.672048,1
518827,0.677778,0.666426,0.666291,1
518847,0.664012,0.66477,0.665771,1
518868,0.658851,0.674074,0.660289,1
518888,0.660469,0.666272,0.667941,1
518909,0.668098,0.668571,0.669319,1
518929,0.670775,0.659973,0.663733,1
518949,0.668276,0.661038,0.675218,1
518970,0.662937,0.665167,0.660646,1
518991,0.667448,0.666118,0.667178,1
519011,0.666159,0.653921,0.669487,1
519032,0.664243,0.664072,0.678058,1
519052,0.669521,0.667874,0.671661,1
519073,0.664351,0.680572,0.665652,1
519094,0.665099,0.664325,0.659841,1
519114,0.665553,0.664047,0.663293,1
519135,0.66504,0.673515,0.66859,1
519155,0.665617,0.659166,0.664656,1
519176,0.653507,0.665869,0.665093,1
519197,0.675393,0.670514,0.658045,1
519217,0.658575,0.675901,0.675722,1
519238,0.667776,0.666332,0.665701,1
519259,0.663287,0.661294,0.664822,1
519279,0.667114,0.664565,0.669721,1
519300,0.667589,0.672191,0.667286,1
519320,0.663314,0.674036,0.663297,1
519341,0.668956,0.654807,0.671237,1
519362,0.677294,0.667828,0.672195,1
519382,0.667645,0.663508,0.666673,1
519403,0.661064,0.669067,0.662087,1
519423,0.659833,0.66206,0.659557,1
519444,0.662197,0.663716,0.673641,1
519464,0.667108,0.663196,0.661742,1
519484,0.672518,0.676955,0.663141,1
519505,0.66743,0.661358,0.66749,1
519525,0.67089,0.67189,0.671047,1
519546,0.669568,0.652136,0.666553,1
519567,0.666499,0.670378,0.666364,1
519587,0.66534,0.66232,0.656723,1
519608,0.664521,0.664503,0.6648,1
519629,0.673168,0.664882,0.66796,1
519649,0.669314,0.66618,0.666735,1
519670,0.669117,0.670218,0.667881,1
519691,0.661555,0.666451,0.674931,1
519711,0.664185,0.65834,0.661777,1
519732,0.669486,0.673724,0.667323,1
519752,0.663385,0.663684,0.666345,1
519773,0.660814,0.66617,0.668516,1
519794,0.672128,0.661248,0.663801,1
519814,0.680036,0.668965,0.656916,1
519835,0.658902,0.668301,0.668553,1
519856,0.672241,0.666631,0.670199,1
519876,0.671269,0.672444,0.669064,1
519897,0.64986,0.666564,0.671812,1
519917,0.67078,0.672634,0.654276,1
519938,0.666584,0.674475,0.666607,1
519959,0.662369,0.662568,0.670019,1
519979,0.665216,0.656925,0.677764,1
520000,0.667371,0.673943,0.670218,1
520021,0.676452,0.664394,0.669182,1
520041,0.65716,0.659775,0.664795,1
520062,0.665746,0.666754,0.661398,1
520083,0.672805,0.666922,0.669977,1
520103,0.663069,0.672739,0.668881,1
520124,0.663386,0.6728,0.671279,1
520145,0.655173,0.666404,0.666735,1
520165,0.667911,0.666436,0.671418,1
520186,0.662844,0.668691,0.660275,1
520206,0.669801,0.668387,0.65317,1
520227,0.668685,0.670582,0.673623,1
520248,0.666039,0.665144,0.66173,1
520269,0.665483,0.663513,0.668338,1
520289,0.650541,0.678298,0.663894,1
520310,0.663727,0.659316,0.660689,1
520330,0.665861,0.665835,0.663911,1
520350,0.66637,0.663167,0.671029,1
520371,0.662067,0.663236,0.670337,1
520391,0.661099,0.666486,0.663396,1
520412,0.665873,0.670911,0.655143,1
520433,0.669647,0.671484,0.668278,1
520453,0.666151,0.663285,0.670657,1
520474,0.66259,0.65821,0.661434,1
520495,0.658638,0.677311,0.662603,1
520515,0.66339,0.671595,0.667053,1
520536,0.672826,0.668564,0.667989,1
520557,0.664585,0.662254,0.675579,1
520577,0.665432,0.669105,0.661622,1
520598,0.665702,0.663984,0.668277,1
520619,0.671829,0.669352,0.671203,1
520639,0.669114,0.662278,0.663522,1
520660,0.672026,0.667752,0.660842,1
520681,0.668837,0.661456,0.671793,1
520701,0.671437,0.655085,0.671908,1
520722,0.67112,0.663171,0.666272,1
520742,0.665448,0.66746,0.67305,1
520763,0.667154,0.660331,0.667891,1
520783,0.661671,0.662976,0.663617,1
520804,0.665281,0.660449,0.674261,1
520824,0.666408,0.663166,0.660929,1
520845,0.668863,0.67043,0.66137,1
520866,0.673457,0.665298,0.667087,1
520886,0.658094,0.670245,0.661377,1
520907,0.661643,0.667729,0.66843,1
520928,0.663946,0.663292,0.660959,1
520948,0.660196,0.663407,0.668947,1
520969,0.670239,0.662835,0.667801,1
520990,0.664249,0.662636,0.662773,1
521010,0.673814,0.664479,0.660372,1
521031,0.664679,0.666864,0.66082,1
521052,0.667714,0.667727,0.669592,1
521073,0.682001,0.672803,0.66454,1
521093,0.676978,0.669665,0.657556,1
521114,0.666557,0.669437,0.671685,1
521135,0.664947,0.6769,0.658918,1
521155,0.656566,0.661008,0.664912,1
521176,0.659252,0.670892,0.665622,1
521197,0.670435,0.678559,0.66112,1
521217,0.662622,0.666497,0.662128,1
521238,0.67438,0.663595,0.675658,1
521259,0.681965,0.666789,0.668021,1
521280,0.654207,0.668236,0.666757,1
521300,0.667004,0.669584,0.668637,1
521321,0.672923,0.673208,0.662098,1
521341,0.670971,0.664768,0.659918,1
521361,0.657736,0.665328,0.676851,1
521382,0.665517,0.659787,0.657371,1
521402,0.662456,0.665378,0.660567,1
521423,0.661623,0.660178,0.670589,1
521444,0.670246,0.667087,0.666839,1
521464,0.67097,0.665354,0.673568,1
521485,0.666945,0.666851,0.671876,1
521506,0.66676,0.66183,0.669536,1
521526,0.672947,0.667126,0.664077,1
521547,0.669152,0.659287,0.672638,1
521568,0.659113,0.661208,0.664301,1
521589,0.672014,0.659156,0.658169,1
521609,0.665605,0.658632,0.668599,1
521630,0.663266,0.668789,0.672316,1
521651,0.670483,0.667951,0.668493,1
521672,0.659982,0.675308,0.662359,1
521692,0.654926,0.662316,0.654728,1
521713,0.666351,0.669391,0.66261,1
521734,0.664253,0.656827,0.666922,1
521755,0.669715,0.664713,0.666071,1
521775,0.672521,0.658472,0.684221,1
521796,0.667537,0.66548,0.662809,1
521817,0.665591,0.681231,0.666748,1
521837,0.664768,0.683472,0.664823,1
521858,0.657862,0.660325,0.660005,1
521879,0.655997,0.66765,0.661498,1
521900,0.65452,0.674136,0.671505,1
521920,0.661214,0.667252,0.657644,1
521941,0.667658,0.667728,0.667406,1
521961,0.662479,0.671665,0.663889,1
521982,0.661813,0.669382,0.669641,1
522002,0.662285,0.666893,0.663394,1
522023,0.674161,0.660147,0.665104,1
522043,0.669194,0.66328,0.662328,1
522064,0.679335,0.661061,0.659722,1
522085,0.663234,0.671865,0.660411,1
522106,0.672118,0.680905,0.670232,1
522126,0.661332,0.666682,0.674178,1
522147,0.669642,0.660054,0.668651,1
522168,0.670554,0.667381,0.668674,1
522189,0.670641,0.665069,0.666732,1
522209,0.658974,0.661839,0.662238,1
522230,0.667984,0.668006,0.665542,1
522251,0.664181,0.671822,0.66787,1
522271,0.663855,0.671359,0.675155,1
522292,0.655652,0.663162,0.674146,1
522313,0.651026,0.656473,0.667936,1
522334,0.669193,0.661932,0.665853,1
522354,0.673695,0.65963,0.668886,1
522375,0.668623,0.666031,0.661256,1
522396,0.678387,0.670014,0.665167,1
522417,0.673934,0.671419,0.666627,1
522437,0.669575,0.672933,0.66843,1
522458,0.656525,0.671297,0.68112,1
522479,0.662877,0.6504,0.668432,1
522499,0.671707,0.669157,0.667976,1
522519,0.669735,0.660944,0.661829,1
522540,0.669774,0.660462,0.669619,1
522560,0.66955,0.663876,0.672984,1
522581,0.677172,0.663632,0.67566,1
522602,0.668085,0.674429,0.669341,1
522622,0.662292,0.663193,0.669678,1
522643,0.673187,0.657649,0.678006,1
522664,0.675312,0.679164,0.668181,1
522691,0,0,0,1
522757,0,0,0,0
523744,0,0,0,0
523764,0,0,0,0
523784,0,0,0,0
523804,0,0,0,0
523824,0,0,0,0
523845,0,0,0,0
523865,0,0,0,0
523885,0,0,0,0
523906,0,0,0,0
523926,0,0,0,0
523946,0,0,0,0
523966,0,0,0,0
523986,0,0,0,0
524007,0,0,0,0
524027,0,0,0,0
524047,0,0,0,0
524067,0,0,0,0
524088,0,0,0,0
524108,0,0,0,0
524128,0,0,0,0
524149,0,0,0,0
524169,0,0,0,0
524189,0,0,0,0
524210,0,0,0,0
524230,0,0,0,0
524250,0,0,0,0
524270,0,0,0,0
524291,0,0,0,0
524311,0,0,0,0
524331,0,0,0,0
524352,0,0,0,0
524372,0,0,0,0
524392,0,0,0,0
524412,0,0,0,0
524433,0,0,0,0
524453,0,0,0,0
524473,0,0,0,0
524493,0,0,0,0
524514,0,0,0,0
524534,0,0,0,0
524554,0,0,0,0
524574,0,0,0,0
524595,0,0,0,0
524615,0,0,0,0
524635,0,0,0,0
524656,0,0,0,0
524676,0,0,0,0
524696,0,0,0,0
524717,0,0,0,0
524737,0,0,0,0
524757,0,0,0,0
524778,0,0,0,0
524798,0,0,0,0
524818,0,0,0,0
524839,0,0,0,0
524859,0,0,0,0
524879,0,0,0,0
524899,0,0,0,0
524920,0,0,0,0
524940,0,0,0,0
524960,0,0,0,0
524981,0,0,0,0
525001,0,0,0,0
525021,0,0,0,0
525041,0,0,0,0
525062,0,0,0,0
525082,0,0,0,0
525102,0,0,0,0
525122,0,0,0,0
525143,0,0,0,0
525163,0,0,0,0
525183,0,0,0,0
525203,0,0,0,0
525224,0,0,0,0
525244,0,0,0,0
525264,0,0,0,0
525284,0,0,0,0
525305,0,0,0,0
525325,0,0,0,0
525345,0,0,0,0
525365,0,0,0,0
525386,0,0,0,0
525406,0,0,0,0
525426,0,0,0,0
525447,0,0,0,0
525467,0,0,0,0
525487,0,0,0,0
525507,0,0,0,0
525528,0,0,0,0
525548,0,0,0,0
525568,0,0,0,0
525589,0,0,0,0
525609,0,0,0,0
525630,0,0,0,0
525650,0,0,0,0
525670,0,0,0,0
525690,0,0,0,0
525711,0,0,0,0
525731,0,0,0,0
525751,0,0,0,0
525772,0,0,0,0
525792,0,0,0,0
525813,0,0,0,0
525833,0,0,0,0
525853,0,0,0,0
525873,0,0,0,0
525894,0,0,0,0
525914,0,0,0,0
525935,0,0,0,0
525955,0,0,0,0
525975,0,0,0,0
525995,0,0,0,0
526016,0,0,0,0
526036,0,0,0,0
526056,0,0,0,0
526076,0,0,0,0
526097,0,0,0,0
526117,0,0,0,0
526137,0,0,0,0
526158,0,0,0,0
526178,0,0,0,0
526198,0,0,0,0
526219,0,0,0,0
526239,0,0,0,0
526259,0,0,0,0
526280,0,0,0,0
526300,0,0,0,0
526320,0,0,0,0
526340,0,0,0,0
526361,0,0,0,0
526381,0,0,0,0
526401,0,0,0,0
526422,0,0,0,0
526442,0,0,0,0
526462,0,0,0,0
526483,0,0,0,0
526503,0,0,0,0
526523,0,0,0,0
526544,0,0,0,0
526564,0,0,0,0
526584,0,0,0,0
526604,0,0,0,0
526625,0,0,0,0
526645,0,0,0,0
526665,0,0,0,0
526685,0,0,0,0
526706,0,0,0,0
526726,0,0,0,0
526747,0,0,0,0
526767,0,0,0,0
526787,0,0,0,0
526807,0,0,0,0
526828,0,0,0,0
526848,0,0,0,0
526868,0,0,0,0
526889,0,0,0,0
526909,0,0,0,0
526929,0,0,0,0
526950,0,0,0,0
526970,0,0,0,0
526990,0,0,0,0
527011,0,0,0,0
527031,0,0,0,0
527051,0,0,0,0
527072,0,0,0,0
527092,0,0,0,0
527112,0,0,0,0
527133,0,0,0,0
527153,0,0,0,0
527173,0,0,0,0
527194,0,0,0,0
527214,0,0,0,0
527234,0,0,0,0
527255,0,0,0,0
527275,0,0,0,0
527295,0,0,0,0
527315,0,0,0,0
527336,0,0,0,0
527356,0,0,0,0
527376,0,0,0,0
527397,0,0,0,0
527417,0,0,0,0
527437,0,0,0,0
527458,0,0,0,0
527478,0,0,0,0
527498,0,0,0,0
527519,0,0,0,0
527539,0,0,0,0
527560,0,0,0,0
527580,0,0,0,0
527600,0,0,0,0
527620,0,0,0,0
527641,0,0,0,0
527661,0,0,0,0
527681,0,0,0,0
527702,0,0,0,0
527722,0,0,0,0
527742,0,0,0,0
527763,0,0,0,0
527783,0,0,0,0
527803,0,0,0,0
527824,0,0,0,0
527844,0,0,0,0
527864,0,0,0,0
527885,0,0,0,0
527905,0,0,0,0
527925,0,0,0,0
527946,0,0,0,0
527966,0,0,0,0
527986,0,0,0,0
528007,0,0,0,0
528027,0,0,0,0
528047,0,0,0,0
528068,0,0,0,0
528088,0,0,0,0
528108,0,0,0,0
528129,0,0,0,0
528149,0,0,0,0
528169,0,0,0,0
528190,0,0,0,0
528210,0,0,0,0
528230,0,0,0,0
528251,0,0,0,0
528271,0,0,0,0
528291,0,0,0,0
528312,0,0,0,0
528332,0,0,0,0
528352,0,0,0,0
528373,0,0,0,0
528393,0,0,0,0
528413,0,0,0,0
528434,0,0,0,0
528454,0,0,0,0
528474,0,0,0,0
528495,0,0,0,0
528515,0,0,0,0
528536,0,0,0,0
528556,0,0,0,0
528576,0,0,0,0
528596,0,0,0,0
528617,0,0,0,0
528637,0,0,0,0
528658,0,0,0,0
528678,0,0,0,0
528698,0,0,0,0
528719,0,0,0,0
528739,0,0,0,0
528763,0,0,0,1
528808,0,0,0,0
528858,0,0,0,0
531938,0.669835,0.660552,0.663645,1
531958,0.66715,0.669547,0.664752,1
531979,0.665255,0.660843,0.666314,1
531999,0.669414,0.669827,0.66656,1
532019,0.663403,0.670864,0.667147,1
532040,0.665089,0.669973,0.6656,1
532060,0.673288,0.659639,0.670386,1
532080,0.66721,0.664907,0.665406,1
532100,0.669958,0.663244,0.668651,1
532121,0.66522,0.668091,0.668455,1
532141,0.676115,0.671139,0.667778,1
532161,0.667926,0.674438,0.667637,1
532181,0.663778,0.659493,0.667293,1
532202,0.659667,0.679998,0.665184,1
532222,0.671432,0.669316,0.659805,1
532242,0.662226,0.671758,0.66626,1
532262,0.66286,0.666925,0.667275,1
532283,0.665802,0.663144,0.668624,1
532303,0.668468,0.665014,0.669163,1
532323,0.668449,0.659806,0.672345,1
532344,0.670133,0.667138,0.661374,1
532364,0.669753,0.663993,0.662025,1
532384,0.667061,0.667079,0.663141,1
532404,0.66904,0.675221,0.667026,1
532425,0.653681,0.660939,0.662733,1
532445,0.668138,0.664892,0.662452,1
532465,0.669111,0.6693,0.667712,1
532485,0.667182,0.659593,0.667191,1
532506,0.668648,0.657519,0.660154,1
532526,0.667639,0.658599,0.665862,1
532546,0.655282,0.661303,0.66071,1
532567,0.663075,0.671082,0.676321,1
532587,0.666834,0.662978,0.668617,1
532608,0.677672,0.671689,0.668231,1
532628,0.67105,0.669907,0.671834,1
532648,0.657139,0.664752,0.674085,1
532669,0.661997,0.667412,0.671897,1
532689,0.66863,0.657922,0.660444,1
532709,0.676024,0.671526,0.669893,1
532730,0.6639,0.672097,0.672321,1
532750,0.668007,0.666578,0.66595,1
532770,0.668007,0.672175,0.663545,1
532791,0.664934,0.67316,0.668883,1
532811,0.673463,0.672911,0.66788,1
532831,0.6725,0.660261,0.666891,1
532852,0.671144,0.673615,0.665569,1
532872,0.663298,0.672802,0.66582,1
532893,0.6722,0.663767,0.667846,1
532913,0.663786,0.668885,0.658216,1
532933,0.665845,0.665263,0.677603,1
532954,0.664058,0.677256,0.671322,1
532974,0.665685,0.669008,0.672178,1
532994,0.665837,0.659861,0.667016,1
533015,0.67514,0.667694,0.662485,1
533035,0.656842,0.667173,0.661443,1
533055,0.669341,0.675017,0.659633,1
533076,0.665826,0.669281,0.673397,1
533096,0.674079,0.667752,0.664404,1
533116,0.66549,0.669723,0.667486,1
533137,0.665017,0.660188,0.666565,1
533157,0.669022,0.660163,0.671865,1
533178,0.671815,0.665906,0.669588,1
533198,0.668007,0.668987,0.661683,1
533218,0.661124,0.668329,0.661134,1
533238,0.676622,0.664304,0.666922,1
533259,0.664367,0.670733,0.663524,1
533279,0.671703,0.671765,0.676813,1
533300,0.667337,0.660313,0.675746,1
533320,0.670449,0.663569,0.671706,1
533340,0.663249,0.664948,0.667106,1
533361,0.666942,0.675105,0.664446,1
533381,0.669205,0.664868,0.673967,1
533402,0.669345,0.664059,0.6662,1
533422,0.654648,0.669077,0.675713,1
533442,0.661532,0.665522,0.664545,1
533463,0.671374,0.663195,0.664554,1
533483,0.669939,0.66738,0.659783,1
533504,0.663109,0.665068,0.666005,1
533524,0.672036,0.661906,0.662516,1
533544,0.66392,0.660697,0.663306,1
533565,0.676883,0.66708,0.667158,1
533585,0.660297,0.66756,0.668473,1
533605,0.660711,0.671426,0.6683,1
533626,0.669742,0.663278,0.664105,1
533646,0.673972,0.665829,0.671151,1
533666,0.675927,0.666481,0.66509,1
533687,0.669425,0.675685,0.669655,1
533707,0.664411,0.664783,0.670465,1
533728,0.66757,0.670861,0.666814,1
533748,0.671064,0.664857,0.669529,1
533769,0.671085,0.672854,0.666542,1
533789,0.667515,0.662083,0.676093,1
533809,0.673791,0.669519,0.670418,1
533830,0.666031,0.673152,0.668027,1
533850,0.671898,0.675015,0.668357,1
533871,0.6607,0.664734,0.659818,1
533891,0.678228,0.666178,0.665506,1
533912,0.667847,0.66578,0.668684,1
533933,0.668498,0.662841,0.675363,1
533953,0.667691,0.671162,0.670409,1
533974,0.675028,0.660924,0.664598,1
533994,0.669095,0.670913,0.664454,1
534014,0.672444,0.669655,0.662548,1
534035,0.661214,0.677837,0.657849,1
534055,0.673783,0.667735,0.674991,1
534076,0.672564,0.66495,0.66222,1
534096,0.665281,0.663852,0.664292,1
534116,0.66754,0.667536,0.663772,1
534137,0.673308,0.66136,0.662253,1
534157,0.666424,0.666506,0.662461,1
534178,0.659678,0.670378,0.674575,1
534198,0.662907,0.665451,0.671235,1
534219,0.667477,0.67699,0.668794,1
534239,0.667629,0.669841,0.673115,1
534259,0.660881,0.669448,0.667838,1
534280,0.664881,0.663388,0.656432,1
534300,0.664001,0.668834,0.669413,1
534321,0.666888,0.671452,0.664383,1
534341,0.668173,0.667614,0.66638,1
534361,0.661327,0.65809,0.66536,1
534382,0.662047,0.659598,0.665309,1
534402,0.66702,0.659287,0.666291,1
534423,0.663636,0.665531,0.66383,1
534443,0.67582,0.674095,0.660616,1
534463,0.661335,0.661037,0.668296,1
534484,0.664627,0.662676,0.670578,1
534504,0.670369,0.659735,0.65975,1
534525,0.671275,0.673571,0.662094,1
534545,0.663451,0.6617,0.665311,1
534566,0.664907,0.665625,0.662273,1
534586,0.661393,0.670081,0.673076,1
534606,0.66924,0.670348,0.663472,1
534627,0.670586,0.665134,0.669748,1
534647,0.666839,0.661438,0.663783,1
534668,0.666212,0.665269,0.675585,1
534688,0.663713,0.673135,0.666787,1
534709,0.660439,0.663147,0.663466,1
534729,0.673665,0.668084,0.664092,1
534750,0.671436,0.666434,0.668926,1
534770,0.666633,0.675928,0.673223,1
534790,0.662421,0.653124,0.666677,1
534811,0.664145,0.67411,0.664421,1
534831,0.661401,0.675062,0.667085,1
534852,0.668105,0.673819,0.665281,1
534872,0.671957,0.659488,0.658184,1
534893,0.667802,0.663839,0.660936,1
534913,0.671469,0.665045,0.660265,1
534934,0.667433,0.675324,0.670872,1
534954,0.660088,0.658829,0.663241,1
534975,0.668984,0.666632,0.672746,1
534995,0.662124,0.666486,0.668606,1
535015,0.672745,0.66532,0.664951,1
535036,0.663752,0.66808,0.66521,1
535056,0.664445,0.659874,0.666632,1
535076,0.662406,0.668551,0.673464,1
535097,0.665195,0.668043,0.665182,1
535117,0.661644,0.67437,0.673125,1
535138,0.659086,0.668561,0.664478,1
535158,0.67095,0.66223,0.66291,1
535178,0.665298,0.673067,0.670157,1
535199,0.661462,0.663529,0.664482,1
535219,0.654938,0.660677,0.666532,1
535240,0.66026,0.672711,0.665102,1
535260,0.665612,0.662668,0.670893,1
535281,0.664982,0.667618,0.666346,1
535301,0.665711,0.672955,0.671425,1
535322,0.670896,0.671151,0.670858,1
535342,0.656993,0.660801,0.664522,1
535362,0.669167,0.662462,0.67452,1
535383,0.668964,0.676748,0.673522,1
535403,0.676014,0.666154,0.663455,1
535424,0.663076,0.667179,0.672159,1
535444,0.659614,0.662548,0.652052,1
535465,0.670558,0.666134,0.667819,1
535485,0.668191,0.664233,0.665396,1
535506,0.661777,0.670021,0.671534,1
535526,0.664201,0.663928,0.649515,1
535547,0.664397,0.668762,0.667845,1
535567,0.661347,0.672467,0.669803,1
535588,0.660601,0.672677,0.665498,1
535608,0.669574,0.668002,0.664694,1
535628,0.664536,0.663526,0.662846,1
535649,0.66421,0.662968,0.660676,1
535669,0.670542,0.666938,0.677227,1
535690,0.661946,0.674197,0.674375,1
535710,0.661973,0.664459,0.672057,1
535731,0.666201,0.665483,0.658233,1
535751,0.673819,0.659164,0.670436,1
535772,0.665003,0.666284,0.667588,1
535792,0.666713,0.666729,0.671936,1
535813,0.659703,0.673763,0.667531,1
535833,0.653645,0.661494,0.670438,1
535854,0.675092,0.660477,0.667054,1
535874,0.661798,0.670182,0.672412,1
535895,0.672518,0.670084,0.665762,1
535915,0.676199,0.677138,0.674788,1
535935,0.670507,0.662234,0.666265,1
535955,0.657453,0.664724,0.667572,1
535975,0.672607,0.663708,0.665096,1
535995,0.664753,0.672002,0.655594,1
536016,0.676848,0.669445,0.668386,1
536036,0.662672,0.662918,0.667649,1
536056,0.661131,0.659097,0.664835,1
536076,0.665558,0.66757,0.666648,1
536096,0.669728,0.66798,0.660101,1
536116,0.668868,0.671111,0.673554,1
536137,0.661435,0.66774,0.66336,1
536157,0.665932,0.661056,0.670054,1
536177,0.668135,0.667897,0.666603,1
536197,0.664872,0.671262,0.664696,1
536217,0.665292,0.663496,0.665722,1
536238,0.662753,0.67046,0.665675,1
536258,0.662594,0.663665,0.665471,1
536278,0.657374,0.669482,0.669707,1
536298,0.667495,0.66168,0.665846,1
536319,0.660891,0.66545,0.664909,1
536339,0.665947,0.676576,0.668163,1
536359,0.658299,0.670318,0.665967,1
536380,0.66491,0.664007,0.659651,1
536400,0.675257,0.670418,0.662378,1
536420,0.665633,0.665424,0.667242,1
536440,0.674351,0.671537,0.670987,1
536461,0.671086,0.669541,0.670914,1
536481,0.670744,0.663397,0.665949,1
536502,0.65581,0.671885,0.660257,1
536522,0.672355,0.661224,0.667719,1
536543,0.672075,0.6654,0.656674,1
536563,0.668739,0.67148,0.669737,1
536584,0.663759,0.674306,0.665409,1
536604,0.652263,0.661871,0.665034,1
536625,0.662193,0.659073,0.662673,1
536645,0.663877,0.669663,0.663417,1
536666,0.667381,0.669943,0.668714,1
536686,0.668249,0.669958,0.664872,1
536707,0.66593,0.667504,0.666308,1
536727,0.664869,0.671759,0.6716,1
536748,0.665486,0.662351,0.659421,1
536768,0.669967,0.666342,0.665053,1
536789,0.666427,0.675745,0.667181,1
536809,0.665345,0.666422,0.666692,1
536830,0.657064,0.67702,0.666373,1
536850,0.667073,0.668638,0.672059,1
536871,0.659994,0.66479,0.664969,1
536891,0.663128,0.668359,0.667377,1
536912,0.659778,0.666943,0.668507,1
536932,0.675875,0.662474,0.669599,1
536955,0,0,0,1
537040,0,0,0,0
